hjd,phase,baseline_flux,model_flux,model_normalized_flux
2455153.9086199999,-0.0164538571,1.0013659894,0.9983628524,0.9970009596
2455153.9086562819,-0.0164406952,1.0013644804,0.9983437990,0.9969834347
2455153.9086925643,-0.0164275332,1.0013629713,0.9983247276,0.9969658916
2455153.9087288463,-0.0164143713,1.0013614623,0.9983056388,0.9969483312
2455153.9087651288,-0.0164012093,1.0013599533,0.9982865324,0.9969307531
2455153.9088014108,-0.0163880474,1.0013584443,0.9982674090,0.9969131580
2455153.9088376933,-0.0163748854,1.0013569353,0.9982482684,0.9968955457
2455153.9088739753,-0.0163617235,1.0013554263,0.9982291112,0.9968779167
2455153.9089102577,-0.0163485615,1.0013539172,0.9982099372,0.9968602709
2455153.9089465397,-0.0163353996,1.0013524082,0.9981907471,0.9968426090
2455153.9089828222,-0.0163222376,1.0013508992,0.9981715406,0.9968249305
2455153.9090191042,-0.0163090757,1.0013493902,0.9981523183,0.9968072363
2455153.9090553867,-0.0162959137,1.0013478812,0.9981330799,0.9967895261
2455153.9090916687,-0.0162827518,1.0013463722,0.9981138263,0.9967718004
2455153.9091279511,-0.0162695898,1.0013448631,0.9980945569,0.9967540591
2455153.9091642331,-0.0162564279,1.0013433541,0.9980752727,0.9967363028
2455153.9092005156,-0.0162432659,1.0013418451,0.9980559732,0.9967185313
2455153.9092367976,-0.0162301040,1.0013403361,0.9980366591,0.9967007451
2455153.9092730801,-0.0162169420,1.0013388271,0.9980173302,0.9966829441
2455153.9093093621,-0.0162037801,1.0013373181,0.9979979872,0.9966651289
2455153.9093456445,-0.0161906181,1.0013358091,0.9979786297,0.9966472992
2455153.9093819265,-0.0161774562,1.0013343000,0.9979592584,0.9966294557
2455153.9094182090,-0.0161642942,1.0013327910,0.9979398730,0.9966115980
2455153.9094544910,-0.0161511323,1.0013312820,0.9979204743,0.9965937270
2455153.9094907735,-0.0161379703,1.0013297730,0.9979010619,0.9965758422
2455153.9095270555,-0.0161248084,1.0013282640,0.9978816364,0.9965579444
2455153.9095633379,-0.0161116464,1.0013267550,0.9978621977,0.9965400333
2455153.9095996199,-0.0160984845,1.0013252459,0.9978427464,0.9965221095
2455153.9096359024,-0.0160853225,1.0013237369,0.9978232821,0.9965041728
2455153.9096721844,-0.0160721606,1.0013222279,0.9978038056,0.9964862237
2455153.9097084668,-0.0160589986,1.0013207189,0.9977843166,0.9964682621
2455153.9097447488,-0.0160458367,1.0013192099,0.9977648157,0.9964502886
2455153.9097810313,-0.0160326747,1.0013177009,0.9977453026,0.9964323029
2455153.9098173133,-0.0160195128,1.0013161919,0.9977257781,0.9964143057
2455153.9098535958,-0.0160063508,1.0013146828,0.9977062418,0.9963962967
2455153.9098898778,-0.0159931889,1.0013131738,0.9976866944,0.9963782765
2455153.9099261602,-0.0159800269,1.0013116648,0.9976671355,0.9963602449
2455153.9099624422,-0.0159668650,1.0013101558,0.9976475660,0.9963422024
2455153.9099987247,-0.0159537030,1.0013086468,0.9976279853,0.9963241490
2455153.9100350067,-0.0159405411,1.0013071378,0.9976083944,0.9963060851
2455153.9100712892,-0.0159273791,1.0013056287,0.9975887927,0.9962880105
2455153.9101075712,-0.0159142172,1.0013041197,0.9975691811,0.9962699258
2455153.9101438536,-0.0159010552,1.0013026107,0.9975495591,0.9962518308
2455153.9101801356,-0.0158878933,1.0013011017,0.9975299275,0.9962337262
2455153.9102164181,-0.0158747313,1.0012995927,0.9975102860,0.9962156115
2455153.9102527001,-0.0158615694,1.0012980837,0.9974906353,0.9961974876
2455153.9102889826,-0.0158484074,1.0012965746,0.9974709749,0.9961793540
2455153.9103252646,-0.0158352455,1.0012950656,0.9974513057,0.9961612115
2455153.9103615470,-0.0158220835,1.0012935566,0.9974316272,0.9961430598
2455153.9103978290,-0.0158089216,1.0012920476,0.9974119402,0.9961248994
2455153.9104341115,-0.0157957596,1.0012905386,0.9973922444,0.9961067302
2455153.9104703935,-0.0157825977,1.0012890296,0.9973725403,0.9960885528
2455153.9105066755,-0.0157694359,1.0012875206,0.9973528281,0.9960703670
2455153.9105429580,-0.0157562738,1.0012860115,0.9973331075,0.9960521729
2455153.9105792399,-0.0157431120,1.0012845025,0.9973133793,0.9960339711
2455153.9106155224,-0.0157299499,1.0012829935,0.9972936431,0.9960157614
2455153.9106518044,-0.0157167881,1.0012814845,0.9972738996,0.9959975442
2455153.9106880869,-0.0157036260,1.0012799755,0.9972541486,0.9959793195
2455153.9107243689,-0.0156904642,1.0012784665,0.9972343906,0.9959610877
2455153.9107606513,-0.0156773021,1.0012769574,0.9972146253,0.9959428487
2455153.9107969333,-0.0156641403,1.0012754484,0.9971948535,0.9959246030
2455153.9108332158,-0.0156509782,1.0012739394,0.9971750748,0.9959063504
2455153.9108694978,-0.0156378164,1.0012724304,0.9971552898,0.9958880915
2455153.9109057803,-0.0156246543,1.0012709214,0.9971354983,0.9958698261
2455153.9109420623,-0.0156114925,1.0012694124,0.9971157009,0.9958515546
2455153.9109783447,-0.0155983304,1.0012679033,0.9970958973,0.9958332770
2455153.9110146267,-0.0155851686,1.0012663943,0.9970760882,0.9958149938
2455153.9110509092,-0.0155720065,1.0012648853,0.9970562732,0.9957967046
2455153.9110871912,-0.0155588447,1.0012633763,0.9970364531,0.9957784102
2455153.9111234737,-0.0155456826,1.0012618673,0.9970166274,0.9957601103
2455153.9111597557,-0.0155325208,1.0012603583,0.9969967969,0.9957418055
2455153.9111960381,-0.0155193587,1.0012588492,0.9969769612,0.9957234954
2455153.9112323201,-0.0155061969,1.0012573402,0.9969571210,0.9957051809
2455153.9112686026,-0.0154930348,1.0012558312,0.9969372760,0.9956868614
2455153.9113048846,-0.0154798730,1.0012543222,0.9969174269,0.9956685377
2455153.9113411671,-0.0154667109,1.0012528132,0.9968975732,0.9956502095
2455153.9113774491,-0.0154535491,1.0012513042,0.9968777158,0.9956318774
2455153.9114137315,-0.0154403870,1.0012497951,0.9968578542,0.9956135412
2455153.9114500135,-0.0154272252,1.0012482861,0.9968379891,0.9955952014
2455153.9114862960,-0.0154140631,1.0012467771,0.9968181202,0.9955768577
2455153.9115225780,-0.0154009013,1.0012452681,0.9967982481,0.9955585109
2455153.9115588604,-0.0153877392,1.0012437591,0.9967783726,0.9955401605
2455153.9115951424,-0.0153745774,1.0012422501,0.9967584943,0.9955218073
2455153.9116314249,-0.0153614153,1.0012407411,0.9967386128,0.9955034508
2455153.9116677069,-0.0153482535,1.0012392320,0.9967187289,0.9954850919
2455153.9117039894,-0.0153350914,1.0012377230,0.9966988422,0.9954667301
2455153.9117402714,-0.0153219296,1.0012362140,0.9966789533,0.9954483661
2455153.9117765538,-0.0153087675,1.0012347050,0.9966590619,0.9954299995
2455153.9118128358,-0.0152956057,1.0012331960,0.9966391688,0.9954116312
2455153.9118491183,-0.0152824436,1.0012316870,0.9966192735,0.9953932606
2455153.9118854003,-0.0152692818,1.0012301779,0.9965993767,0.9953748885
2455153.9119216828,-0.0152561197,1.0012286689,0.9965794781,0.9953565145
2455153.9119579648,-0.0152429579,1.0012271599,0.9965595784,0.9953381393
2455153.9119942472,-0.0152297958,1.0012256509,0.9965396771,0.9953197626
2455153.9120305292,-0.0152166340,1.0012241419,0.9965197751,0.9953013850
2455153.9120668117,-0.0152034719,1.0012226329,0.9964998719,0.9952830061
2455153.9121030937,-0.0151903101,1.0012211239,0.9964799681,0.9952646268
2455153.9121393762,-0.0151771480,1.0012196148,0.9964600636,0.9952462465
2455153.9121756582,-0.0151639862,1.0012181058,0.9964401589,0.9952278660
2455153.9122119406,-0.0151508241,1.0012165968,0.9964202537,0.9952094850
2455153.9122482226,-0.0151376623,1.0012150878,0.9964003486,0.9951911040
2455153.9122845051,-0.0151245002,1.0012135788,0.9963804433,0.9951727228
2455153.9123207871,-0.0151113384,1.0012120698,0.9963605385,0.9951543421
2455153.9123570691,-0.0150981765,1.0012105608,0.9963406341,0.9951359616
2455153.9123933516,-0.0150850145,1.0012090517,0.9963207300,0.9951175814
2455153.9124296336,-0.0150718526,1.0012075427,0.9963008269,0.9950992021
2455153.9124659160,-0.0150586906,1.0012060337,0.9962809243,0.9950808233
2455153.9125021980,-0.0150455287,1.0012045247,0.9962610231,0.9950624458
2455153.9125384805,-0.0150323667,1.0012030157,0.9962411227,0.9950440691
2455153.9125747625,-0.0150192048,1.0012015067,0.9962212240,0.9950256940
2455153.9126110449,-0.0150060428,1.0011999976,0.9962013265,0.9950073201
2455153.9126473269,-0.0149928809,1.0011984886,0.9961814309,0.9949889480
2455153.9126836094,-0.0149797189,1.0011969796,0.9961615369,0.9949705774
2455153.9127198914,-0.0149665570,1.0011954706,0.9961416451,0.9949522090
2455153.9127561739,-0.0149533950,1.0011939616,0.9961217552,0.9949338424
2455153.9127924559,-0.0149402331,1.0011924526,0.9961018678,0.9949154783
2455153.9128287383,-0.0149270711,1.0011909435,0.9960819827,0.9948971164
2455153.9128650203,-0.0149139092,1.0011894345,0.9960621003,0.9948787572
2455153.9129013028,-0.0149007472,1.0011879255,0.9960422205,0.9948604005
2455153.9129375848,-0.0148875853,1.0011864165,0.9960223439,0.9948420469
2455153.9129738673,-0.0148744233,1.0011849075,0.9960024700,0.9948236960
2455153.9130101493,-0.0148612614,1.0011833985,0.9959825997,0.9948053486
2455153.9130464317,-0.0148480994,1.0011818894,0.9959627325,0.9947870042
2455153.9130827137,-0.0148349375,1.0011803804,0.9959428690,0.9947686636
2455153.9131189962,-0.0148217755,1.0011788714,0.9959230090,0.9947503263
2455153.9131552782,-0.0148086136,1.0011773624,0.9959031531,0.9947319931
2455153.9131915607,-0.0147954516,1.0011758534,0.9958833010,0.9947136636
2455153.9132278427,-0.0147822897,1.0011743444,0.9958634532,0.9946953384
2455153.9132641251,-0.0147691277,1.0011728353,0.9958436095,0.9946770172
2455153.9133004071,-0.0147559658,1.0011713263,0.9958237705,0.9946587006
2455153.9133366896,-0.0147428038,1.0011698173,0.9958039359,0.9946403884
2455153.9133729716,-0.0147296419,1.0011683083,0.9957841063,0.9946220811
2455153.9134092540,-0.0147164799,1.0011667993,0.9957642814,0.9946037784
2455153.9134455360,-0.0147033180,1.0011652903,0.9957444617,0.9945854810
2455153.9134818185,-0.0146901560,1.0011637812,0.9957246471,0.9945671885
2455153.9135181005,-0.0146769941,1.0011622722,0.9957048381,0.9945489015
2455153.9135543830,-0.0146638321,1.0011607632,0.9956850343,0.9945306198
2455153.9135906650,-0.0146506702,1.0011592542,0.9956652365,0.9945123439
2455153.9136269474,-0.0146375082,1.0011577452,0.9956454443,0.9944940735
2455153.9136632294,-0.0146243463,1.0011562362,0.9956256582,0.9944758093
2455153.9136995119,-0.0146111843,1.0011547271,0.9956058781,0.9944575510
2455153.9137357939,-0.0145980224,1.0011532181,0.9955861045,0.9944392991
2455153.9137720764,-0.0145848604,1.0011517091,0.9955663371,0.9944210533
2455153.9138083584,-0.0145716985,1.0011502001,0.9955465765,0.9944028142
2455153.9138446408,-0.0145585365,1.0011486911,0.9955268223,0.9943845816
2455153.9138809228,-0.0145453746,1.0011471821,0.9955070754,0.9943663561
2455153.9139172053,-0.0145322125,1.0011456731,0.9954873351,0.9943481373
2455153.9139534873,-0.0145190507,1.0011441640,0.9954676024,0.9943299258
2455153.9139897698,-0.0145058886,1.0011426550,0.9954478767,0.9943117214
2455153.9140260518,-0.0144927268,1.0011411460,0.9954281587,0.9942935246
2455153.9140623342,-0.0144795647,1.0011396370,0.9954084480,0.9942753351
2455153.9140986162,-0.0144664029,1.0011381280,0.9953887455,0.9942571536
2455153.9141348987,-0.0144532408,1.0011366190,0.9953690505,0.9942389797
2455153.9141711807,-0.0144400790,1.0011351099,0.9953493639,0.9942208140
2455153.9142074627,-0.0144269171,1.0011336009,0.9953296855,0.9942026564
2455153.9142437452,-0.0144137551,1.0011320919,0.9953100152,0.9941845070
2455153.9142800272,-0.0144005932,1.0011305829,0.9952903537,0.9941663662
2455153.9143163096,-0.0143874312,1.0011290739,0.9952707006,0.9941482338
2455153.9143525916,-0.0143742693,1.0011275649,0.9952510565,0.9941301103
2455153.9143888741,-0.0143611073,1.0011260559,0.9952314211,0.9941119955
2455153.9144251561,-0.0143479454,1.0011245468,0.9952117951,0.9940938899
2455153.9144614385,-0.0143347834,1.0011230378,0.9951921780,0.9940757933
2455153.9144977205,-0.0143216215,1.0011215288,0.9951725706,0.9940577062
2455153.9145340030,-0.0143084595,1.0011200198,0.9951529724,0.9940396284
2455153.9145702850,-0.0142952976,1.0011185108,0.9951333842,0.9940215604
2455153.9146065675,-0.0142821356,1.0011170018,0.9951138056,0.9940035019
2455153.9146428495,-0.0142689737,1.0011154928,0.9950942371,0.9939854536
2455153.9146791319,-0.0142558117,1.0011139837,0.9950746786,0.9939674150
2455153.9147154139,-0.0142426498,1.0011124747,0.9950551305,0.9939493869
2455153.9147516964,-0.0142294878,1.0011109657,0.9950355926,0.9939313689
2455153.9147879784,-0.0142163259,1.0011094567,0.9950160654,0.9939133616
2455153.9148242609,-0.0142031639,1.0011079477,0.9949965487,0.9938953647
2455153.9148605429,-0.0141900020,1.0011064387,0.9949770431,0.9938773788
2455153.9148968253,-0.0141768400,1.0011049296,0.9949575482,0.9938594035
2455153.9149331073,-0.0141636781,1.0011034206,0.9949380647,0.9938414396
2455153.9149693898,-0.0141505161,1.0011019116,0.9949185922,0.9938234866
2455153.9150056718,-0.0141373542,1.0011004026,0.9948991313,0.9938055451
2455153.9150419543,-0.0141241922,1.0010988936,0.9948796817,0.9937876149
2455153.9150782363,-0.0141110303,1.0010973846,0.9948602441,0.9937696966
2455153.9151145187,-0.0140978683,1.0010958755,0.9948408180,0.9937517898
2455153.9151508007,-0.0140847064,1.0010943665,0.9948214042,0.9937338951
2455153.9151870832,-0.0140715444,1.0010928575,0.9948020022,0.9937160122
2455153.9152233652,-0.0140583825,1.0010913485,0.9947826128,0.9936981418
2455153.9152596476,-0.0140452205,1.0010898395,0.9947632354,0.9936802835
2455153.9152959296,-0.0140320586,1.0010883305,0.9947438709,0.9936624378
2455153.9153322121,-0.0140188966,1.0010868214,0.9947245188,0.9936446046
2455153.9153684941,-0.0140057347,1.0010853124,0.9947051798,0.9936267843
2455153.9154047766,-0.0139925727,1.0010838034,0.9946858535,0.9936089767
2455153.9154410586,-0.0139794108,1.0010822944,0.9946665405,0.9935911823
2455153.9154773410,-0.0139662488,1.0010807854,0.9946472405,0.9935734009
2455153.9155136230,-0.0139530869,1.0010792764,0.9946279542,0.9935556331
2455153.9155499055,-0.0139399249,1.0010777673,0.9946086811,0.9935378784
2455153.9155861875,-0.0139267630,1.0010762583,0.9945894219,0.9935201376
2455153.9156224700,-0.0139136010,1.0010747493,0.9945701763,0.9935024103
2455153.9156587520,-0.0139004391,1.0010732403,0.9945509449,0.9934846971
2455153.9156950344,-0.0138872771,1.0010717313,0.9945317274,0.9934669977
2455153.9157313164,-0.0138741152,1.0010702223,0.9945125243,0.9934493127
2455153.9157675989,-0.0138609532,1.0010687132,0.9944933353,0.9934316417
2455153.9158038809,-0.0138477913,1.0010672042,0.9944741610,0.9934139854
2455153.9158401634,-0.0138346293,1.0010656952,0.9944550012,0.9933963435
2455153.9158764454,-0.0138214674,1.0010641862,0.9944358564,0.9933787165
2455153.9159127278,-0.0138083054,1.0010626772,0.9944167262,0.9933611041
2455153.9159490098,-0.0137951435,1.0010611682,0.9943976114,0.9933435069
2455153.9159852923,-0.0137819815,1.0010596591,0.9943785115,0.9933259246
2455153.9160215743,-0.0137688196,1.0010581501,0.9943594272,0.9933083578
2455153.9160578563,-0.0137556577,1.0010566411,0.9943403583,0.9932908064
2455153.9160941388,-0.0137424957,1.0010551321,0.9943213049,0.9932732703
2455153.9161304208,-0.0137293338,1.0010536231,0.9943022674,0.9932557502
2455153.9161667032,-0.0137161718,1.0010521141,0.9942832455,0.9932382456
2455153.9162029852,-0.0137030099,1.0010506051,0.9942642399,0.9932207572
2455153.9162392677,-0.0136898479,1.0010490960,0.9942452503,0.9932032846
2455153.9162755497,-0.0136766860,1.0010475870,0.9942262772,0.9931858286
2455153.9163118321,-0.0136635240,1.0010460780,0.9942073202,0.9931683886
2455153.9163481141,-0.0136503621,1.0010445690,0.9941883801,0.9931509654
2455153.9163843966,-0.0136372001,1.0010430600,0.9941694565,0.9931335586
2455153.9164206786,-0.0136240382,1.0010415510,0.9941505499,0.9931161688
2455153.9164569611,-0.0136108762,1.0010400419,0.9941316601,0.9930987957
2455153.9164932431,-0.0135977143,1.0010385329,0.9941127876,0.9930814398
2455153.9165295255,-0.0135845523,1.0010370239,0.9940939322,0.9930641010
2455153.9165658075,-0.0135713904,1.0010355149,0.9940750944,0.9930467796
2455153.9166020900,-0.0135582284,1.0010340059,0.9940562738,0.9930294755
2455153.9166383720,-0.0135450665,1.0010324969,0.9940374712,0.9930121892
2455153.9166746545,-0.0135319045,1.0010309879,0.9940186862,0.9929949205
2455153.9167109365,-0.0135187426,1.0010294788,0.9939999193,0.9929776698
2455153.9167472189,-0.0135055806,1.0010279698,0.9939811702,0.9929604369
2455153.9167835009,-0.0134924187,1.0010264608,0.9939624396,0.9929432223
2455153.9168197834,-0.0134792567,1.0010249518,0.9939437271,0.9929260258
2455153.9168560654,-0.0134660948,1.0010234428,0.9939250334,0.9929088480
2455153.9168923479,-0.0134529328,1.0010219338,0.9939063580,0.9928916884
2455153.9169286299,-0.0134397709,1.0010204248,0.9938877015,0.9928745478
2455153.9169649123,-0.0134266089,1.0010189157,0.9938690638,0.9928574257
2455153.9170011943,-0.0134134470,1.0010174067,0.9938504453,0.9928403228
2455153.9170374768,-0.0134002850,1.0010158977,0.9938318457,0.9928232388
2455153.9170737588,-0.0133871231,1.0010143887,0.9938132656,0.9928061743
2455153.9171100412,-0.0133739611,1.0010128797,0.9937947047,0.9927891288
2455153.9171463232,-0.0133607992,1.0010113707,0.9937761637,0.9927721031
2455153.9171826057,-0.0133476372,1.0010098616,0.9937576420,0.9927550967
2455153.9172188877,-0.0133344753,1.0010083526,0.9937391405,0.9927381104
2455153.9172551702,-0.0133213133,1.0010068436,0.9937206586,0.9927211437
2455153.9172914522,-0.0133081514,1.0010053346,0.9937021971,0.9927041973
2455153.9173277346,-0.0132949894,1.0010038256,0.9936837556,0.9926872708
2455153.9173640166,-0.0132818275,1.0010023166,0.9936653348,0.9926703648
2455153.9174002991,-0.0132686655,1.0010008075,0.9936469341,0.9926534790
2455153.9174365811,-0.0132555036,1.0009992985,0.9936285544,0.9926366141
2455153.9174728636,-0.0132423416,1.0009977895,0.9936101951,0.9926197695
2455153.9175091456,-0.0132291797,1.0009962805,0.9935918570,0.9926029461
2455153.9175454280,-0.0132160177,1.0009947715,0.9935735398,0.9925861434
2455153.9175817100,-0.0132028558,1.0009932625,0.9935552439,0.9925693620
2455153.9176179925,-0.0131896938,1.0009917534,0.9935369691,0.9925526016
2455153.9176542745,-0.0131765319,1.0009902444,0.9935187159,0.9925358628
2455153.9176905570,-0.0131633699,1.0009887354,0.9935004841,0.9925191453
2455153.9177268390,-0.0131502080,1.0009872264,0.9934822743,0.9925024497
2455153.9177631214,-0.0131370460,1.0009857174,0.9934640860,0.9924857756
2455153.9177994034,-0.0131238841,1.0009842084,0.9934459200,0.9924691236
2455153.9178356859,-0.0131107221,1.0009826993,0.9934277758,0.9924524934
2455153.9178719679,-0.0130975602,1.0009811903,0.9934096541,0.9924358856
2455153.9179082499,-0.0130843984,1.0009796813,0.9933915548,0.9924193001
2455153.9179445324,-0.0130712363,1.0009781723,0.9933734778,0.9924027369
2455153.9179808144,-0.0130580745,1.0009766633,0.9933554236,0.9923861964
2455153.9180170968,-0.0130449124,1.0009751543,0.9933373920,0.9923696784
2455153.9180533788,-0.0130317506,1.0009736453,0.9933193835,0.9923531835
2455153.9180896613,-0.0130185885,1.0009721362,0.9933013978,0.9923367113
2455153.9181259433,-0.0130054267,1.0009706272,0.9932834355,0.9923202624
2455153.9181622257,-0.0129922646,1.0009691182,0.9932654963,0.9923038366
2455153.9181985077,-0.0129791028,1.0009676092,0.9932475808,0.9922874343
2455153.9182347902,-0.0129659407,1.0009661002,0.9932296886,0.9922710554
2455153.9182710722,-0.0129527789,1.0009645912,0.9932118204,0.9922547002
2455153.9183073547,-0.0129396168,1.0009630821,0.9931939757,0.9922383687
2455153.9183436367,-0.0129264550,1.0009615731,0.9931761553,0.9922220612
2455153.9183799191,-0.0129132929,1.0009600641,0.9931583587,0.9922057776
2455153.9184162011,-0.0129001311,1.0009585551,0.9931405867,0.9921895183
2455153.9184524836,-0.0128869690,1.0009570461,0.9931228387,0.9921732832
2455153.9184887656,-0.0128738072,1.0009555371,0.9931051155,0.9921570727
2455153.9185250481,-0.0128606451,1.0009540280,0.9930874167,0.9921408865
2455153.9185613301,-0.0128474833,1.0009525190,0.9930697430,0.9921247253
2455153.9185976125,-0.0128343212,1.0009510100,0.9930520939,0.9921085887
2455153.9186338945,-0.0128211594,1.0009495010,0.9930344700,0.9920924772
2455153.9186701770,-0.0128079973,1.0009479920,0.9930168711,0.9920763907
2455153.9187064590,-0.0127948355,1.0009464830,0.9929992978,0.9920603296
2455153.9187427415,-0.0127816734,1.0009449740,0.9929817496,0.9920442936
2455153.9187790235,-0.0127685116,1.0009434649,0.9929642273,0.9920282834
2455153.9188153059,-0.0127553495,1.0009419559,0.9929467304,0.9920122986
2455153.9188515879,-0.0127421877,1.0009404469,0.9929292596,0.9919963397
2455153.9188878704,-0.0127290256,1.0009389379,0.9929118146,0.9919804066
2455153.9189241524,-0.0127158638,1.0009374289,0.9928943959,0.9919644997
2455153.9189604349,-0.0127027017,1.0009359199,0.9928770032,0.9919486188
2455153.9189967168,-0.0126895399,1.0009344108,0.9928596371,0.9919327644
2455153.9190329993,-0.0126763778,1.0009329018,0.9928422973,0.9919169362
2455153.9190692813,-0.0126632160,1.0009313928,0.9928249844,0.9919011348
2455153.9191055638,-0.0126500539,1.0009298838,0.9928076980,0.9918853599
2455153.9191418458,-0.0126368921,1.0009283748,0.9927904387,0.9918696120
2455153.9191781282,-0.0126237300,1.0009268658,0.9927732063,0.9918538909
2455153.9192144102,-0.0126105682,1.0009253568,0.9927560013,0.9918381971
2455153.9192506927,-0.0125974061,1.0009238477,0.9927388234,0.9918225304
2455153.9192869747,-0.0125842443,1.0009223387,0.9927216731,0.9918068912
2455153.9193232572,-0.0125710822,1.0009208297,0.9927045502,0.9917912794
2455153.9193595392,-0.0125579204,1.0009193207,0.9926874553,0.9917756954
2455153.9193958216,-0.0125447583,1.0009178117,0.9926703880,0.9917601389
2455153.9194321036,-0.0125315965,1.0009163027,0.9926533488,0.9917446106
2455153.9194683861,-0.0125184344,1.0009147936,0.9926363376,0.9917291102
2455153.9195046681,-0.0125052726,1.0009132846,0.9926193549,0.9917136381
2455153.9195409506,-0.0124921105,1.0009117756,0.9926024003,0.9916981941
2455153.9195772326,-0.0124789487,1.0009102666,0.9925854745,0.9916827788
2455153.9196135150,-0.0124657866,1.0009087576,0.9925685772,0.9916673919
2455153.9196497970,-0.0124526247,1.0009072486,0.9925517088,0.9916520339
2455153.9196860790,-0.0124394629,1.0009057396,0.9925348694,0.9916367048
2455153.9197223615,-0.0124263008,1.0009042305,0.9925180588,0.9916214045
2455153.9197586435,-0.0124131390,1.0009027215,0.9925012777,0.9916061335
2455153.9197949260,-0.0123999769,1.0009012125,0.9924845257,0.9915908916
2455153.9198312080,-0.0123868151,1.0008997035,0.9924678034,0.9915756793
2455153.9198674904,-0.0123736530,1.0008981945,0.9924511105,0.9915604963
2455153.9199037724,-0.0123604912,1.0008966855,0.9924344475,0.9915453432
2455153.9199400549,-0.0123473291,1.0008951764,0.9924178142,0.9915302197
2455153.9199763369,-0.0123341673,1.0008936674,0.9924012112,0.9915151264
2455153.9200126193,-0.0123210052,1.0008921584,0.9923846381,0.9915000630
2455153.9200489013,-0.0123078434,1.0008906494,0.9923680955,0.9914850300
2455153.9200851838,-0.0122946813,1.0008891404,0.9923515832,0.9914700272
2455153.9201214658,-0.0122815195,1.0008876314,0.9923351017,0.9914550551
2455153.9201577483,-0.0122683574,1.0008861223,0.9923186506,0.9914401134
2455153.9201940303,-0.0122551956,1.0008846133,0.9923022306,0.9914252027
2455153.9202303127,-0.0122420335,1.0008831043,0.9922858414,0.9914103227
2455153.9202665947,-0.0122288717,1.0008815953,0.9922694836,0.9913954740
2455153.9203028772,-0.0122157096,1.0008800863,0.9922531568,0.9913806563
2455153.9203391592,-0.0122025478,1.0008785773,0.9922368616,0.9913658701
2455153.9203754417,-0.0121893857,1.0008770682,0.9922205977,0.9913511152
2455153.9204117237,-0.0121762239,1.0008755592,0.9922043658,0.9913363921
2455153.9204480061,-0.0121630618,1.0008740502,0.9921881655,0.9913217005
2455153.9204842881,-0.0121499000,1.0008725412,0.9921719973,0.9913070411
2455153.9205205706,-0.0121367379,1.0008710322,0.9921558611,0.9912924135
2455153.9205568526,-0.0121235761,1.0008695232,0.9921397573,0.9912778183
2455153.9205931351,-0.0121104140,1.0008680141,0.9921236857,0.9912632552
2455153.9206294171,-0.0120972522,1.0008665051,0.9921076468,0.9912487247
2455153.9206656995,-0.0120840901,1.0008649961,0.9920916405,0.9912342267
2455153.9207019815,-0.0120709283,1.0008634871,0.9920756671,0.9912197616
2455153.9207382640,-0.0120577662,1.0008619781,0.9920597265,0.9912053292
2455153.9207745460,-0.0120446044,1.0008604691,0.9920438192,0.9911909300
2455153.9208108285,-0.0120314423,1.0008589600,0.9920279449,0.9911765639
2455153.9208471105,-0.0120182805,1.0008574510,0.9920121043,0.9911622312
2455153.9208833929,-0.0120051184,1.0008559420,0.9919962970,0.9911479318
2455153.9209196749,-0.0119919566,1.0008544330,0.9919805235,0.9911336662
2455153.9209559574,-0.0119787945,1.0008529240,0.9919647837,0.9911194342
2455153.9209922394,-0.0119656327,1.0008514150,0.9919490781,0.9911052362
2455153.9210285218,-0.0119524706,1.0008499060,0.9919334063,0.9910910721
2455153.9210648038,-0.0119393088,1.0008483969,0.9919177691,0.9910769424
2455153.9211010863,-0.0119261467,1.0008468879,0.9919021660,0.9910628469
2455153.9211373683,-0.0119129849,1.0008453789,0.9918865977,0.9910487860
2455153.9211736508,-0.0118998228,1.0008438699,0.9918710639,0.9910347596
2455153.9212099328,-0.0118866610,1.0008423609,0.9918555652,0.9910207681
2455153.9212462152,-0.0118734989,1.0008408519,0.9918401013,0.9910068114
2455153.9212824972,-0.0118603371,1.0008393428,0.9918246727,0.9909928899
2455153.9213187797,-0.0118471750,1.0008378338,0.9918092792,0.9909790035
2455153.9213550617,-0.0118340132,1.0008363248,0.9917939214,0.9909651526
2455153.9213913442,-0.0118208511,1.0008348158,0.9917785990,0.9909513372
2455153.9214276262,-0.0118076893,1.0008333068,0.9917633125,0.9909375575
2455153.9214639086,-0.0117945272,1.0008317978,0.9917480617,0.9909238135
2455153.9215001906,-0.0117813654,1.0008302888,0.9917328472,0.9909101057
2455153.9215364726,-0.0117682035,1.0008287797,0.9917176689,0.9908964340
2455153.9215727551,-0.0117550415,1.0008272707,0.9917025268,0.9908827985
2455153.9216090371,-0.0117418796,1.0008257617,0.9916874214,0.9908691996
2455153.9216453196,-0.0117287176,1.0008242527,0.9916723525,0.9908556370
2455153.9216816016,-0.0117155557,1.0008227437,0.9916573206,0.9908421115
2455153.9217178840,-0.0117023937,1.0008212347,0.9916423255,0.9908286226
2455153.9217541660,-0.0116892318,1.0008197256,0.9916273677,0.9908151711
2455153.9217904485,-0.0116760698,1.0008182166,0.9916124470,0.9908017565
2455153.9218267305,-0.0116629079,1.0008167076,0.9915975640,0.9907883796
2455153.9218630129,-0.0116497459,1.0008151986,0.9915827184,0.9907750400
2455153.9218992949,-0.0116365840,1.0008136896,0.9915679108,0.9907617383
2455153.9219355774,-0.0116234220,1.0008121806,0.9915531409,0.9907484743
2455153.9219718594,-0.0116102601,1.0008106716,0.9915384094,0.9907352485
2455153.9220081419,-0.0115970981,1.0008091625,0.9915237159,0.9907220607
2455153.9220444239,-0.0115839362,1.0008076535,0.9915090610,0.9907089115
2455153.9220807063,-0.0115707742,1.0008061445,0.9914944445,0.9906958006
2455153.9221169883,-0.0115576123,1.0008046355,0.9914798670,0.9906827285
2455153.9221532708,-0.0115444503,1.0008031265,0.9914653282,0.9906696952
2455153.9221895528,-0.0115312884,1.0008016175,0.9914508287,0.9906567010
2455153.9222258353,-0.0115181264,1.0008001084,0.9914363683,0.9906437459
2455153.9222621173,-0.0115049645,1.0007985994,0.9914219475,0.9906308303
2455153.9222983997,-0.0114918025,1.0007970904,0.9914075661,0.9906179540
2455153.9223346817,-0.0114786406,1.0007955814,0.9913932247,0.9906051177
2455153.9223709642,-0.0114654786,1.0007940724,0.9913789230,0.9905923210
2455153.9224072462,-0.0114523167,1.0007925634,0.9913646616,0.9905795645
2455153.9224435287,-0.0114391547,1.0007910543,0.9913504403,0.9905668481
2455153.9224798107,-0.0114259928,1.0007895453,0.9913362597,0.9905541723
2455153.9225160931,-0.0114128308,1.0007880363,0.9913221195,0.9905415368
2455153.9225523751,-0.0113996689,1.0007865273,0.9913080204,0.9905289423
2455153.9225886576,-0.0113865069,1.0007850183,0.9912939620,0.9905163885
2455153.9226249396,-0.0113733450,1.0007835093,0.9912799450,0.9905038761
2455153.9226612221,-0.0113601830,1.0007820002,0.9912659692,0.9904914047
2455153.9226975041,-0.0113470211,1.0007804912,0.9912520352,0.9904789750
2455153.9227337865,-0.0113338591,1.0007789822,0.9912381426,0.9904665868
2455153.9227700685,-0.0113206972,1.0007774732,0.9912242922,0.9904542406
2455153.9228063510,-0.0113075352,1.0007759642,0.9912104837,0.9904419363
2455153.9228426330,-0.0112943733,1.0007744552,0.9911967177,0.9904296743
2455153.9228789154,-0.0112812113,1.0007729461,0.9911829940,0.9904174546
2455153.9229151974,-0.0112680494,1.0007714371,0.9911693131,0.9904052777
2455153.9229514799,-0.0112548874,1.0007699281,0.9911556749,0.9903931434
2455153.9229877619,-0.0112417255,1.0007684191,0.9911420800,0.9903810523
2455153.9230240444,-0.0112285635,1.0007669101,0.9911285282,0.9903690042
2455153.9230603264,-0.0112154016,1.0007654011,0.9911150200,0.9903569997
2455153.9230966088,-0.0112022396,1.0007638920,0.9911015553,0.9903450386
2455153.9231328908,-0.0111890777,1.0007623830,0.9910881346,0.9903331214
2455153.9231691733,-0.0111759157,1.0007608740,0.9910747578,0.9903212481
2455153.9232054553,-0.0111627538,1.0007593650,0.9910614255,0.9903094192
2455153.9232417378,-0.0111495918,1.0007578560,0.9910481375,0.9902976345
2455153.9232780198,-0.0111364299,1.0007563470,0.9910348943,0.9902858946
2455153.9233143022,-0.0111232679,1.0007548380,0.9910216959,0.9902741994
2455153.9233505842,-0.0111101060,1.0007533289,0.9910085428,0.9902625493
2455153.9233868662,-0.0110969441,1.0007518199,0.9909954350,0.9902509446
2455153.9234231487,-0.0110837821,1.0007503109,0.9909823726,0.9902393852
2455153.9234594307,-0.0110706202,1.0007488019,0.9909693562,0.9902278717
2455153.9234957132,-0.0110574582,1.0007472929,0.9909563856,0.9902164039
2455153.9235319952,-0.0110442963,1.0007457839,0.9909434614,0.9902049825
2455153.9235682776,-0.0110311343,1.0007442748,0.9909305835,0.9901936073
2455153.9236045596,-0.0110179724,1.0007427658,0.9909177524,0.9901822789
2455153.9236408421,-0.0110048104,1.0007412568,0.9909049682,0.9901709972
2455153.9236771241,-0.0109916485,1.0007397478,0.9908922312,0.9901597627
2455153.9237134065,-0.0109784865,1.0007382388,0.9908795415,0.9901485754
2455153.9237496885,-0.0109653246,1.0007367298,0.9908668996,0.9901374359
2455153.9237859710,-0.0109521626,1.0007352208,0.9908543055,0.9901263441
2455153.9238222530,-0.0109390007,1.0007337117,0.9908417597,0.9901153005
2455153.9238585355,-0.0109258387,1.0007322027,0.9908292621,0.9901043050
2455153.9238948175,-0.0109126768,1.0007306937,0.9908168133,0.9900933583
2455153.9239310999,-0.0108995148,1.0007291847,0.9908044133,0.9900824604
2455153.9239673819,-0.0108863529,1.0007276757,0.9907920627,0.9900716116
2455153.9240036644,-0.0108731909,1.0007261667,0.9907797613,0.9900608122
2455153.9240399464,-0.0108600290,1.0007246576,0.9907675098,0.9900500625
2455153.9240762289,-0.0108468670,1.0007231486,0.9907553082,0.9900393626
2455153.9241125109,-0.0108337051,1.0007216396,0.9907431570,0.9900287131
2455153.9241487933,-0.0108205431,1.0007201306,0.9907310563,0.9900181139
2455153.9241850753,-0.0108073812,1.0007186216,0.9907190065,0.9900075657
2455153.9242213578,-0.0107942192,1.0007171126,0.9907070078,0.9899970684
2455153.9242576398,-0.0107810573,1.0007156036,0.9906950606,0.9899866227
2455153.9242939223,-0.0107678953,1.0007140945,0.9906831651,0.9899762285
2455153.9243302043,-0.0107547334,1.0007125855,0.9906713218,0.9899658864
2455153.9243664867,-0.0107415714,1.0007110765,0.9906595307,0.9899555965
2455153.9244027687,-0.0107284095,1.0007095675,0.9906477924,0.9899453594
2455153.9244390512,-0.0107152475,1.0007080585,0.9906361071,0.9899351751
2455153.9244753332,-0.0107020856,1.0007065495,0.9906244752,0.9899250442
2455153.9245116157,-0.0106889236,1.0007050404,0.9906128969,0.9899149668
2455153.9245478977,-0.0106757617,1.0007035314,0.9906013728,0.9899049436
2455153.9245841801,-0.0106625997,1.0007020224,0.9905899029,0.9898949745
2455153.9246204621,-0.0106494378,1.0007005134,0.9905784880,0.9898850602
2455153.9246567446,-0.0106362758,1.0006990044,0.9905671280,0.9898752009
2455153.9246930266,-0.0106231139,1.0006974954,0.9905558237,0.9898653972
2455153.9247293090,-0.0106099519,1.0006959863,0.9905445751,0.9898556491
2455153.9247655910,-0.0105967900,1.0006944773,0.9905333829,0.9898459573
2455153.9248018735,-0.0105836280,1.0006929683,0.9905222472,0.9898363220
2455153.9248381555,-0.0105704661,1.0006914593,0.9905111688,0.9898267439
2455153.9248744380,-0.0105573041,1.0006899503,0.9905001477,0.9898172231
2455153.9249107200,-0.0105441422,1.0006884413,0.9904891847,0.9898077602
2455153.9249470024,-0.0105309802,1.0006869322,0.9904782800,0.9897983556
2455153.9249832844,-0.0105178183,1.0006854232,0.9904674342,0.9897890098
2455153.9250195669,-0.0105046563,1.0006839142,0.9904566475,0.9897797231
2455153.9250558489,-0.0104914944,1.0006824052,0.9904459207,0.9897704962
2455153.9250921314,-0.0104783324,1.0006808962,0.9904352540,0.9897613293
2455153.9251284134,-0.0104651705,1.0006793872,0.9904246482,0.9897522233
2455153.9251646958,-0.0104520085,1.0006778781,0.9904141035,0.9897431783
2455153.9252009778,-0.0104388466,1.0006763691,0.9904036208,0.9897341951
2455153.9252372598,-0.0104256848,1.0006748601,0.9903932004,0.9897252742
2455153.9252735423,-0.0104125227,1.0006733511,0.9903828427,0.9897164160
2455153.9253098243,-0.0103993609,1.0006718421,0.9903725486,0.9897076214
2455153.9253461068,-0.0103861988,1.0006703331,0.9903623185,0.9896988906
2455153.9253823888,-0.0103730369,1.0006688241,0.9903521532,0.9896902246
2455153.9254186712,-0.0103598749,1.0006673150,0.9903420531,0.9896816237
2455153.9254549532,-0.0103467130,1.0006658060,0.9903320191,0.9896730888
2455153.9254912357,-0.0103335510,1.0006642970,0.9903220517,0.9896646205
2455153.9255275177,-0.0103203891,1.0006627880,0.9903121518,0.9896562195
2455153.9255638001,-0.0103072271,1.0006612790,0.9903023199,0.9896478866
2455153.9256000821,-0.0102940652,1.0006597700,0.9902925570,0.9896396225
2455153.9256363646,-0.0102809032,1.0006582609,0.9902828637,0.9896314280
2455153.9256726466,-0.0102677413,1.0006567519,0.9902732410,0.9896233040
2455153.9257089291,-0.0102545793,1.0006552429,0.9902636897,0.9896152513
2455153.9257452111,-0.0102414174,1.0006537339,0.9902542107,0.9896072709
2455153.9257814935,-0.0102282554,1.0006522249,0.9902448049,0.9895993635
2455153.9258177755,-0.0102150935,1.0006507159,0.9902354734,0.9895915305
2455153.9258540580,-0.0102019315,1.0006492068,0.9902262171,0.9895837726
2455153.9258903400,-0.0101887696,1.0006476978,0.9902170374,0.9895760911
2455153.9259266225,-0.0101756076,1.0006461888,0.9902079350,0.9895684870
2455153.9259629045,-0.0101624457,1.0006446798,0.9901989116,0.9895609617
2455153.9259991869,-0.0101492837,1.0006431708,0.9901899682,0.9895535163
2455153.9260354689,-0.0101361218,1.0006416618,0.9901811063,0.9895461524
2455153.9260717514,-0.0101229598,1.0006401528,0.9901723273,0.9895388713
2455153.9261080334,-0.0101097979,1.0006386437,0.9901636329,0.9895316747
2455153.9261443159,-0.0100966359,1.0006371347,0.9901550246,0.9895245642
2455153.9261805979,-0.0100834740,1.0006356257,0.9901465045,0.9895175417
2455153.9262168803,-0.0100703120,1.0006341167,0.9901380742,0.9895106090
2455153.9262531623,-0.0100571501,1.0006326077,0.9901297362,0.9895037685
2455153.9262894448,-0.0100439881,1.0006310987,0.9901214925,0.9894970223
2455153.9263257268,-0.0100308262,1.0006295896,0.9901133461,0.9894903732
2455153.9263620093,-0.0100176642,1.0006280806,0.9901052994,0.9894838238
2455153.9263982913,-0.0100045023,1.0006265716,0.9900973561,0.9894773776
2455153.9264345737,-0.0099913403,1.0006250626,0.9900895195,0.9894710381
2455153.9264708557,-0.0099781784,1.0006235536,0.9900817940,0.9894648097
2455153.9265071382,-0.0099650164,1.0006220446,0.9900741847,0.9894586973
2455153.9265434202,-0.0099518545,1.0006205356,0.9900666977,0.9894527071
2455153.9265797026,-0.0099386925,1.0006190265,0.9900593408,0.9894468469
2455153.9266159846,-0.0099255306,1.0006175175,0.9900521256,0.9894411283
2455153.9266522671,-0.0099123686,1.0006160085,0.9900450764,0.9894355757
2455153.9266885491,-0.0098992067,1.0006144995,0.9900382005,0.9894301962
2455153.9267248316,-0.0098860447,1.0006129905,0.9900314979,0.9894249898
2455153.9267611136,-0.0098728828,1.0006114815,0.9900249557,0.9894199437
2455153.9267973960,-0.0098597208,1.0006099724,0.9900185722,0.9894150563
2455153.9268336780,-0.0098465589,1.0006084634,0.9900123468,0.9894103268
2455153.9268699605,-0.0098333969,1.0006069544,0.9900062654,0.9894057413
2455153.9269062425,-0.0098202350,1.0006054454,0.9900003257,0.9894012972
2455153.9269425250,-0.0098070730,1.0006039364,0.9899945256,0.9893969928
2455153.9269788070,-0.0097939111,1.0006024274,0.9899888504,0.9893928131
2455153.9270150894,-0.0097807491,1.0006009183,0.9899832959,0.9893887541
2455153.9270513714,-0.0097675872,1.0005994093,0.9899778590,0.9893848125
2455153.9270876534,-0.0097544254,1.0005979003,0.9899725226,0.9893809714
2455153.9271239359,-0.0097412633,1.0005963913,0.9899672801,0.9893772242
2455153.9271602179,-0.0097281015,1.0005948823,0.9899621253,0.9893735644
2455153.9271965004,-0.0097149394,1.0005933733,0.9899570357,0.9893699700
2455153.9272327824,-0.0097017776,1.0005918643,0.9899519950,0.9893664244
2455153.9272690648,-0.0096886155,1.0005903552,0.9899469739,0.9893628983
2455153.9273053468,-0.0096754537,1.0005888462,0.9899419712,0.9893593907
2455153.9273416293,-0.0096622916,1.0005873372,0.9899369864,0.9893559009
2455153.9273779113,-0.0096491298,1.0005858282,0.9899320190,0.9893524285
2455153.9274141937,-0.0096359677,1.0005843192,0.9899270685,0.9893489730
2455153.9274504757,-0.0096228059,1.0005828102,0.9899221346,0.9893455340
2455153.9274867582,-0.0096096438,1.0005813011,0.9899172169,0.9893421112
2455153.9275230402,-0.0095964820,1.0005797921,0.9899123151,0.9893387043
2455153.9275593227,-0.0095833199,1.0005782831,0.9899074289,0.9893353130
2455153.9275956047,-0.0095701581,1.0005767741,0.9899025580,0.9893319370
2455153.9276318871,-0.0095569960,1.0005752651,0.9898977022,0.9893285760
2455153.9276681691,-0.0095438342,1.0005737561,0.9898928613,0.9893252300
2455153.9277044516,-0.0095306721,1.0005722470,0.9898880350,0.9893218985
2455153.9277407336,-0.0095175103,1.0005707380,0.9898832232,0.9893185815
2455153.9277770161,-0.0095043482,1.0005692290,0.9898784256,0.9893152786
2455153.9278132981,-0.0094911864,1.0005677200,0.9898736420,0.9893119898
2455153.9278495805,-0.0094780243,1.0005662110,0.9898688722,0.9893087148
2455153.9278858625,-0.0094648625,1.0005647020,0.9898641162,0.9893054535
2455153.9279221450,-0.0094517004,1.0005631929,0.9898593736,0.9893022056
2455153.9279584270,-0.0094385386,1.0005616839,0.9898546445,0.9892989711
2455153.9279947095,-0.0094253765,1.0005601749,0.9898499284,0.9892957498
2455153.9280309915,-0.0094122147,1.0005586659,0.9898452255,0.9892925415
2455153.9280672739,-0.0093990526,1.0005571569,0.9898405354,0.9892893461
2455153.9281035559,-0.0093858908,1.0005556479,0.9898358582,0.9892861634
2455153.9281398384,-0.0093727287,1.0005541388,0.9898311935,0.9892829934
2455153.9281761204,-0.0093595669,1.0005526298,0.9898265414,0.9892798358
2455153.9282124029,-0.0093464048,1.0005511208,0.9898219016,0.9892766906
2455153.9282486849,-0.0093332430,1.0005496118,0.9898172740,0.9892735576
2455153.9282849673,-0.0093200809,1.0005481028,0.9898126586,0.9892704367
2455153.9283212493,-0.0093069191,1.0005465938,0.9898080552,0.9892673279
2455153.9283575318,-0.0092937570,1.0005450848,0.9898034637,0.9892642309
2455153.9283938138,-0.0092805952,1.0005435757,0.9897988840,0.9892611457
2455153.9284300962,-0.0092674331,1.0005420667,0.9897943160,0.9892580721
2455153.9284663782,-0.0092542713,1.0005405577,0.9897897596,0.9892550101
2455153.9285026607,-0.0092411092,1.0005390487,0.9897852146,0.9892519596
2455153.9285389427,-0.0092279474,1.0005375397,0.9897806810,0.9892489204
2455153.9285752252,-0.0092147853,1.0005360307,0.9897761587,0.9892458925
2455153.9286115072,-0.0092016235,1.0005345216,0.9897716476,0.9892428758
2455153.9286477896,-0.0091884614,1.0005330126,0.9897671475,0.9892398702
2455153.9286840716,-0.0091752996,1.0005315036,0.9897626585,0.9892368755
2455153.9287203541,-0.0091621375,1.0005299946,0.9897581804,0.9892338917
2455153.9287566361,-0.0091489757,1.0005284856,0.9897537131,0.9892309188
2455153.9287929186,-0.0091358136,1.0005269766,0.9897492565,0.9892279566
2455153.9288292006,-0.0091226518,1.0005254676,0.9897448107,0.9892250050
2455153.9288654830,-0.0091094897,1.0005239585,0.9897403753,0.9892220640
2455153.9289017650,-0.0090963279,1.0005224495,0.9897359506,0.9892191335
2455153.9289380470,-0.0090831660,1.0005209405,0.9897315362,0.9892162134
2455153.9289743295,-0.0090700040,1.0005194315,0.9897271322,0.9892133036
2455153.9290106115,-0.0090568421,1.0005179225,0.9897227384,0.9892104041
2455153.9290468940,-0.0090436801,1.0005164135,0.9897183548,0.9892075148
2455153.9290831760,-0.0090305182,1.0005149045,0.9897139814,0.9892046355
2455153.9291194584,-0.0090173562,1.0005133954,0.9897096180,0.9892017663
2455153.9291557404,-0.0090041943,1.0005118864,0.9897052646,0.9891989071
2455153.9291920229,-0.0089910323,1.0005103774,0.9897009211,0.9891960578
2455153.9292283049,-0.0089778704,1.0005088684,0.9896965875,0.9891932183
2455153.9292645874,-0.0089647084,1.0005073594,0.9896922636,0.9891903886
2455153.9293008693,-0.0089515465,1.0005058504,0.9896879495,0.9891875686
2455153.9293371518,-0.0089383845,1.0005043413,0.9896836449,0.9891847582
2455153.9293734338,-0.0089252226,1.0005028323,0.9896793501,0.9891819574
2455153.9294097163,-0.0089120606,1.0005013233,0.9896750647,0.9891791661
2455153.9294459983,-0.0088988987,1.0004998143,0.9896707888,0.9891763843
2455153.9294822807,-0.0088857367,1.0004983053,0.9896665222,0.9891736118
2455153.9295185627,-0.0088725748,1.0004967963,0.9896622651,0.9891708487
2455153.9295548452,-0.0088594128,1.0004952872,0.9896580172,0.9891680949
2455153.9295911272,-0.0088462509,1.0004937782,0.9896537786,0.9891653503
2455153.9296274097,-0.0088330889,1.0004922692,0.9896495491,0.9891626148
2455153.9296636917,-0.0088199270,1.0004907602,0.9896453288,0.9891598885
2455153.9296999741,-0.0088067650,1.0004892512,0.9896411175,0.9891571712
2455153.9297362561,-0.0087936031,1.0004877422,0.9896369153,0.9891544629
2455153.9297725386,-0.0087804411,1.0004862331,0.9896327219,0.9891517636
2455153.9298088206,-0.0087672792,1.0004847241,0.9896285376,0.9891490732
2455153.9298451031,-0.0087541172,1.0004832151,0.9896243620,0.9891463915
2455153.9298813851,-0.0087409553,1.0004817061,0.9896201953,0.9891437187
2455153.9299176675,-0.0087277933,1.0004801971,0.9896160373,0.9891410547
2455153.9299539495,-0.0087146314,1.0004786881,0.9896118881,0.9891383993
2455153.9299902320,-0.0087014694,1.0004771790,0.9896077474,0.9891357526
2455153.9300265140,-0.0086883075,1.0004756700,0.9896036154,0.9891331145
2455153.9300627965,-0.0086751455,1.0004741610,0.9895994920,0.9891304849
2455153.9300990785,-0.0086619836,1.0004726520,0.9895953771,0.9891278638
2455153.9301353609,-0.0086488216,1.0004711430,0.9895912706,0.9891252511
2455153.9301716429,-0.0086356597,1.0004696340,0.9895871725,0.9891226470
2455153.9302079254,-0.0086224977,1.0004681249,0.9895830829,0.9891200511
2455153.9302442074,-0.0086093358,1.0004666159,0.9895790015,0.9891174636
2455153.9302804898,-0.0085961738,1.0004651069,0.9895749285,0.9891148843
2455153.9303167718,-0.0085830119,1.0004635979,0.9895708637,0.9891123133
2455153.9303530543,-0.0085698499,1.0004620889,0.9895668071,0.9891097505
2455153.9303893363,-0.0085566880,1.0004605799,0.9895627587,0.9891071958
2455153.9304256188,-0.0085435260,1.0004590708,0.9895587183,0.9891046492
2455153.9304619008,-0.0085303641,1.0004575618,0.9895546861,0.9891021107
2455153.9304981832,-0.0085172021,1.0004560528,0.9895506619,0.9890995802
2455153.9305344652,-0.0085040402,1.0004545438,0.9895466457,0.9890970578
2455153.9305707477,-0.0084908781,1.0004530348,0.9895426374,0.9890945432
2455153.9306070297,-0.0084777163,1.0004515258,0.9895386371,0.9890920366
2455153.9306433122,-0.0084645542,1.0004500168,0.9895346446,0.9890895378
2455153.9306795942,-0.0084513924,1.0004485077,0.9895306600,0.9890870468
2455153.9307158766,-0.0084382303,1.0004469987,0.9895266832,0.9890845637
2455153.9307521586,-0.0084250685,1.0004454897,0.9895227142,0.9890820883
2455153.9307884406,-0.0084119066,1.0004439807,0.9895187529,0.9890796206
2455153.9308247231,-0.0083987446,1.0004424717,0.9895147992,0.9890771606
2455153.9308610051,-0.0083855827,1.0004409627,0.9895108533,0.9890747082
2455153.9308972876,-0.0083724207,1.0004394536,0.9895069149,0.9890722635
2455153.9309335696,-0.0083592588,1.0004379446,0.9895029841,0.9890698263
2455153.9309698520,-0.0083460968,1.0004364356,0.9894990609,0.9890673966
2455153.9310061340,-0.0083329349,1.0004349266,0.9894951452,0.9890649745
2455153.9310424165,-0.0083197729,1.0004334176,0.9894912369,0.9890625598
2455153.9310786985,-0.0083066110,1.0004319086,0.9894873361,0.9890601526
2455153.9311149810,-0.0082934490,1.0004303996,0.9894834427,0.9890577527
2455153.9311512630,-0.0082802871,1.0004288905,0.9894795567,0.9890553602
2455153.9311875454,-0.0082671251,1.0004273815,0.9894756780,0.9890529751
2455153.9312238274,-0.0082539632,1.0004258725,0.9894718067,0.9890505972
2455153.9312601099,-0.0082408012,1.0004243635,0.9894679426,0.9890482266
2455153.9312963919,-0.0082276393,1.0004228545,0.9894640858,0.9890458633
2455153.9313326743,-0.0082144773,1.0004213455,0.9894602361,0.9890435072
2455153.9313689563,-0.0082013154,1.0004198365,0.9894563937,0.9890411582
2455153.9314052388,-0.0081881534,1.0004183274,0.9894525584,0.9890388164
2455153.9314415208,-0.0081749915,1.0004168184,0.9894487303,0.9890364817
2455153.9314778033,-0.0081618295,1.0004153094,0.9894449092,0.9890341540
2455153.9315140853,-0.0081486676,1.0004138004,0.9894410952,0.9890318335
2455153.9315503677,-0.0081355056,1.0004122914,0.9894372882,0.9890295199
2455153.9315866497,-0.0081223437,1.0004107824,0.9894334883,0.9890272133
2455153.9316229322,-0.0081091817,1.0004092733,0.9894296952,0.9890249137
2455153.9316592142,-0.0080960198,1.0004077643,0.9894259092,0.9890226211
2455153.9316954967,-0.0080828578,1.0004062553,0.9894221300,0.9890203353
2455153.9317317787,-0.0080696959,1.0004047463,0.9894183578,0.9890180564
2455153.9317680611,-0.0080565339,1.0004032373,0.9894145924,0.9890157843
2455153.9318043431,-0.0080433720,1.0004017283,0.9894108338,0.9890135191
2455153.9318406256,-0.0080302100,1.0004002192,0.9894070820,0.9890112607
2455153.9318769076,-0.0080170481,1.0003987102,0.9894033371,0.9890090091
2455153.9319131901,-0.0080038861,1.0003972012,0.9893995988,0.9890067641
2455153.9319494721,-0.0079907242,1.0003956922,0.9893958673,0.9890045259
2455153.9319857545,-0.0079775622,1.0003941832,0.9893921424,0.9890022944
2455153.9320220365,-0.0079644003,1.0003926742,0.9893884243,0.9890000695
2455153.9320583190,-0.0079512383,1.0003911651,0.9893847127,0.9889978513
2455153.9320946010,-0.0079380764,1.0003896561,0.9893810079,0.9889956396
2455153.9321308834,-0.0079249144,1.0003881471,0.9893773095,0.9889934346
2455153.9321671654,-0.0079117525,1.0003866381,0.9893736178,0.9889912361
2455153.9322034479,-0.0078985905,1.0003851291,0.9893699325,0.9889890441
2455153.9322397299,-0.0078854286,1.0003836201,0.9893662539,0.9889868587
2455153.9322760124,-0.0078722666,1.0003821110,0.9893625816,0.9889846797
2455153.9323122944,-0.0078591047,1.0003806020,0.9893589159,0.9889825071
2455153.9323485768,-0.0078459427,1.0003790930,0.9893552566,0.9889803410
2455153.9323848588,-0.0078327808,1.0003775840,0.9893516037,0.9889781813
2455153.9324211413,-0.0078196188,1.0003760750,0.9893479572,0.9889760280
2455153.9324574233,-0.0078064569,1.0003745660,0.9893443170,0.9889738811
2455153.9324937058,-0.0077932949,1.0003730569,0.9893406832,0.9889717405
2455153.9325299878,-0.0077801330,1.0003715479,0.9893370558,0.9889696062
2455153.9325662702,-0.0077669710,1.0003700389,0.9893334346,0.9889674781
2455153.9326025522,-0.0077538091,1.0003685299,0.9893298197,0.9889653564
2455153.9326388342,-0.0077406472,1.0003670209,0.9893262111,0.9889632409
2455153.9326751167,-0.0077274852,1.0003655119,0.9893226086,0.9889611316
2455153.9327113987,-0.0077143233,1.0003640029,0.9893190124,0.9889590285
2455153.9327476812,-0.0077011613,1.0003624938,0.9893154224,0.9889569316
2455153.9327839632,-0.0076879994,1.0003609848,0.9893118385,0.9889548408
2455153.9328202456,-0.0076748374,1.0003594758,0.9893082608,0.9889527562
2455153.9328565276,-0.0076616755,1.0003579668,0.9893046892,0.9889506777
2455153.9328928101,-0.0076485135,1.0003564578,0.9893011236,0.9889486052
2455153.9329290921,-0.0076353516,1.0003549488,0.9892975642,0.9889465389
2455153.9329653746,-0.0076221896,1.0003534397,0.9892940108,0.9889444785
2455153.9330016566,-0.0076090277,1.0003519307,0.9892904635,0.9889424242
2455153.9330379390,-0.0075958657,1.0003504217,0.9892869221,0.9889403759
2455153.9330742210,-0.0075827038,1.0003489127,0.9892833868,0.9889383336
2455153.9331105035,-0.0075695418,1.0003474037,0.9892798573,0.9889362972
2455153.9331467855,-0.0075563799,1.0003458947,0.9892763339,0.9889342668
2455153.9331830679,-0.0075432179,1.0003443857,0.9892728164,0.9889322423
2455153.9332193499,-0.0075300560,1.0003428766,0.9892693048,0.9889302237
2455153.9332556324,-0.0075168940,1.0003413676,0.9892657991,0.9889282110
2455153.9332919144,-0.0075037321,1.0003398586,0.9892622993,0.9889262042
2455153.9333281969,-0.0074905701,1.0003383496,0.9892588053,0.9889242032
2455153.9333644789,-0.0074774082,1.0003368406,0.9892553171,0.9889222080
2455153.9334007613,-0.0074642462,1.0003353316,0.9892518347,0.9889202186
2455153.9334370433,-0.0074510843,1.0003338225,0.9892483582,0.9889182350
2455153.9334733258,-0.0074379223,1.0003323135,0.9892448874,0.9889162571
2455153.9335096078,-0.0074247604,1.0003308045,0.9892414224,0.9889142851
2455153.9335458903,-0.0074115984,1.0003292955,0.9892379631,0.9889123187
2455153.9335821723,-0.0073984365,1.0003277865,0.9892345095,0.9889103580
2455153.9336184547,-0.0073852745,1.0003262775,0.9892310616,0.9889084031
2455153.9336547367,-0.0073721126,1.0003247685,0.9892276194,0.9889064538
2455153.9336910192,-0.0073589506,1.0003232594,0.9892241828,0.9889045101
2455153.9337273012,-0.0073457887,1.0003217504,0.9892207519,0.9889025721
2455153.9337635837,-0.0073326267,1.0003202414,0.9892173266,0.9889006397
2455153.9337998657,-0.0073194648,1.0003187324,0.9892139070,0.9888987129
2455153.9338361481,-0.0073063028,1.0003172234,0.9892104929,0.9888967917
2455153.9338724301,-0.0072931409,1.0003157144,0.9892070844,0.9888948761
2455153.9339087126,-0.0072799789,1.0003142053,0.9892036814,0.9888929659
2455153.9339449946,-0.0072668170,1.0003126963,0.9892002840,0.9888910614
2455153.9339812770,-0.0072536550,1.0003111873,0.9891968920,0.9888891623
2455153.9340175590,-0.0072404931,1.0003096783,0.9891935056,0.9888872687
2455153.9340538415,-0.0072273311,1.0003081693,0.9891901247,0.9888853806
2455153.9340901235,-0.0072141692,1.0003066603,0.9891867493,0.9888834980
2455153.9341264060,-0.0072010072,1.0003051512,0.9891833792,0.9888816208
2455153.9341626880,-0.0071878453,1.0003036422,0.9891800147,0.9888797490
2455153.9341989704,-0.0071746833,1.0003021332,0.9891766555,0.9888778827
2455153.9342352524,-0.0071615214,1.0003006242,0.9891733018,0.9888760217
2455153.9342715349,-0.0071483594,1.0002991152,0.9891699534,0.9888741661
2455153.9343078169,-0.0071351975,1.0002976062,0.9891666104,0.9888723159
2455153.9343440994,-0.0071220355,1.0002960971,0.9891632727,0.9888704710
2455153.9343803814,-0.0071088736,1.0002945881,0.9891599404,0.9888686315
2455153.9344166638,-0.0070957116,1.0002930791,0.9891566134,0.9888667972
2455153.9344529458,-0.0070825497,1.0002915701,0.9891532917,0.9888649683
2455153.9344892278,-0.0070693879,1.0002900611,0.9891499754,0.9888631446
2455153.9345255103,-0.0070562258,1.0002885521,0.9891466642,0.9888613262
2455153.9345617923,-0.0070430640,1.0002870431,0.9891433584,0.9888595131
2455153.9345980748,-0.0070299019,1.0002855340,0.9891400577,0.9888577052
2455153.9346343568,-0.0070167401,1.0002840250,0.9891367623,0.9888559025
2455153.9346706392,-0.0070035780,1.0002825160,0.9891334721,0.9888541050
2455153.9347069212,-0.0069904162,1.0002810070,0.9891301872,0.9888523127
2455153.9347432037,-0.0069772541,1.0002794980,0.9891269073,0.9888505256
2455153.9347794857,-0.0069640923,1.0002779890,0.9891236327,0.9888487437
2455153.9348157682,-0.0069509302,1.0002764799,0.9891203632,0.9888469668
2455153.9348520502,-0.0069377684,1.0002749709,0.9891170989,0.9888451952
2455153.9348883326,-0.0069246063,1.0002734619,0.9891138396,0.9888434286
2455153.9349246146,-0.0069114445,1.0002719529,0.9891105855,0.9888416671
2455153.9349608971,-0.0068982824,1.0002704439,0.9891073365,0.9888399108
2455153.9349971791,-0.0068851206,1.0002689349,0.9891040925,0.9888381595
2455153.9350334615,-0.0068719585,1.0002674258,0.9891008536,0.9888364132
2455153.9350697435,-0.0068587967,1.0002659168,0.9890976198,0.9888346720
2455153.9351060260,-0.0068456346,1.0002644078,0.9890943910,0.9888329358
2455153.9351423080,-0.0068324728,1.0002628988,0.9890911672,0.9888312047
2455153.9351785905,-0.0068193107,1.0002613898,0.9890879484,0.9888294785
2455153.9352148725,-0.0068061489,1.0002598808,0.9890847347,0.9888277574
2455153.9352511549,-0.0067929868,1.0002583717,0.9890815259,0.9888260412
2455153.9352874369,-0.0067798250,1.0002568627,0.9890783221,0.9888243300
2455153.9353237194,-0.0067666629,1.0002553537,0.9890751232,0.9888226237
2455153.9353600014,-0.0067535011,1.0002538447,0.9890719293,0.9888209223
2455153.9353962839,-0.0067403390,1.0002523357,0.9890687403,0.9888192259
2455153.9354325659,-0.0067271772,1.0002508267,0.9890655562,0.9888175344
2455153.9354688483,-0.0067140151,1.0002493177,0.9890623770,0.9888158478
2455153.9355051303,-0.0067008533,1.0002478086,0.9890592028,0.9888141661
2455153.9355414128,-0.0066876912,1.0002462996,0.9890560333,0.9888124892
2455153.9355776948,-0.0066745294,1.0002447906,0.9890528688,0.9888108172
2455153.9356139773,-0.0066613673,1.0002432816,0.9890497091,0.9888091500
2455153.9356502593,-0.0066482055,1.0002417726,0.9890465542,0.9888074877
2455153.9356865417,-0.0066350434,1.0002402636,0.9890434042,0.9888058301
2455153.9357228237,-0.0066218816,1.0002387545,0.9890402589,0.9888041774
2455153.9357591062,-0.0066087195,1.0002372455,0.9890371185,0.9888025295
2455153.9357953882,-0.0065955577,1.0002357365,0.9890339829,0.9888008864
2455153.9358316706,-0.0065823956,1.0002342275,0.9890308520,0.9887992480
2455153.9358679526,-0.0065692338,1.0002327185,0.9890277259,0.9887976144
2455153.9359042351,-0.0065560717,1.0002312095,0.9890246045,0.9887959855
2455153.9359405171,-0.0065429099,1.0002297005,0.9890214879,0.9887943614
2455153.9359767996,-0.0065297478,1.0002281914,0.9890183760,0.9887927419
2455153.9360130816,-0.0065165860,1.0002266824,0.9890152688,0.9887911272
2455153.9360493640,-0.0065034239,1.0002251734,0.9890121663,0.9887895172
2455153.9360856460,-0.0064902621,1.0002236644,0.9890090685,0.9887879119
2455153.9361219285,-0.0064771000,1.0002221554,0.9890059754,0.9887863112
2455153.9361582105,-0.0064639382,1.0002206464,0.9890028869,0.9887847152
2455153.9361944930,-0.0064507761,1.0002191373,0.9889998031,0.9887831238
2455153.9362307750,-0.0064376143,1.0002176283,0.9889967239,0.9887815371
2455153.9362670574,-0.0064244522,1.0002161193,0.9889936494,0.9887799550
2455153.9363033394,-0.0064112903,1.0002146103,0.9889905795,0.9887783775
2455153.9363396214,-0.0063981285,1.0002131013,0.9889875142,0.9887768046
2455153.9363759039,-0.0063849664,1.0002115923,0.9889844535,0.9887752363
2455153.9364121859,-0.0063718046,1.0002100833,0.9889813974,0.9887736726
2455153.9364484684,-0.0063586425,1.0002085742,0.9889783458,0.9887721134
2455153.9364847504,-0.0063454807,1.0002070652,0.9889752988,0.9887705588
2455153.9365210328,-0.0063323186,1.0002055562,0.9889722564,0.9887690088
2455153.9365573148,-0.0063191568,1.0002040472,0.9889692185,0.9887674633
2455153.9365935973,-0.0063059947,1.0002025382,0.9889661851,0.9887659223
2455153.9366298793,-0.0062928329,1.0002010292,0.9889631563,0.9887643858
2455153.9366661618,-0.0062796708,1.0001995201,0.9889601319,0.9887628538
2455153.9367024438,-0.0062665090,1.0001980111,0.9889571121,0.9887613264
2455153.9367387262,-0.0062533469,1.0001965021,0.9889540967,0.9887598033
2455153.9367750082,-0.0062401851,1.0001949931,0.9889510859,0.9887582848
2455153.9368112907,-0.0062270230,1.0001934841,0.9889480794,0.9887567707
2455153.9368475727,-0.0062138612,1.0001919751,0.9889450775,0.9887552611
2455153.9368838551,-0.0062006991,1.0001904660,0.9889420799,0.9887537559
2455153.9369201371,-0.0061875373,1.0001889570,0.9889390869,0.9887522552
2455153.9369564196,-0.0061743752,1.0001874480,0.9889360982,0.9887507588
2455153.9369927016,-0.0061612134,1.0001859390,0.9889331139,0.9887492669
2455153.9370289841,-0.0061480513,1.0001844300,0.9889301341,0.9887477793
2455153.9370652661,-0.0061348895,1.0001829210,0.9889271586,0.9887462962
2455153.9371015485,-0.0061217274,1.0001814119,0.9889241875,0.9887448174
2455153.9371378305,-0.0061085656,1.0001799029,0.9889212208,0.9887433430
2455153.9371741130,-0.0060954035,1.0001783939,0.9889182585,0.9887418730
2455153.9372103950,-0.0060822417,1.0001768849,0.9889153005,0.9887404073
2455153.9372466775,-0.0060690796,1.0001753759,0.9889123468,0.9887389459
2455153.9372829595,-0.0060559178,1.0001738669,0.9889093975,0.9887374888
2455153.9373192419,-0.0060427557,1.0001723578,0.9889064525,0.9887360361
2455153.9373555239,-0.0060295939,1.0001708488,0.9889035119,0.9887345877
2455153.9373918064,-0.0060164318,1.0001693398,0.9889005755,0.9887331436
2455153.9374280884,-0.0060032700,1.0001678308,0.9888976434,0.9887317038
2455153.9374643709,-0.0059901079,1.0001663218,0.9888947156,0.9887302682
2455153.9375006529,-0.0059769461,1.0001648128,0.9888917921,0.9887288369
2455153.9375369353,-0.0059637840,1.0001633037,0.9888888728,0.9887274099
2455153.9375732173,-0.0059506222,1.0001617947,0.9888859578,0.9887259871
2455153.9376094998,-0.0059374601,1.0001602857,0.9888830470,0.9887245686
2455153.9376457818,-0.0059242983,1.0001587767,0.9888801405,0.9887231543
2455153.9376820643,-0.0059111362,1.0001572677,0.9888772382,0.9887217442
2455153.9377183462,-0.0058979744,1.0001557587,0.9888743401,0.9887203383
2455153.9377546287,-0.0058848123,1.0001542497,0.9888714462,0.9887189367
2455153.9377909107,-0.0058716505,1.0001527406,0.9888685566,0.9887175392
2455153.9378271932,-0.0058584884,1.0001512316,0.9888656711,0.9887161459
2455153.9378634752,-0.0058453266,1.0001497226,0.9888627898,0.9887147568
2455153.9378997576,-0.0058321645,1.0001482136,0.9888599126,0.9887133719
2455153.9379360396,-0.0058190027,1.0001467046,0.9888570397,0.9887119911
2455153.9379723221,-0.0058058406,1.0001451956,0.9888541709,0.9887106145
2455153.9380086041,-0.0057926788,1.0001436865,0.9888513062,0.9887092420
2455153.9380448866,-0.0057795167,1.0001421775,0.9888484457,0.9887078736
2455153.9380811686,-0.0057663549,1.0001406685,0.9888455893,0.9887065094
2455153.9381174510,-0.0057531928,1.0001391595,0.9888427370,0.9887051493
2455153.9381537330,-0.0057400310,1.0001376505,0.9888398888,0.9887037933
2455153.9381900150,-0.0057268691,1.0001361415,0.9888370448,0.9887024414
2455153.9382262975,-0.0057137071,1.0001346325,0.9888342048,0.9887010935
2455153.9382625795,-0.0057005452,1.0001331234,0.9888313689,0.9886997498
2455153.9382988620,-0.0056873832,1.0001316144,0.9888285371,0.9886984101
2455153.9383351440,-0.0056742213,1.0001301054,0.9888257094,0.9886970745
2455153.9383714264,-0.0056610593,1.0001285964,0.9888228857,0.9886957430
2455153.9384077084,-0.0056478974,1.0001270874,0.9888200661,0.9886944155
2455153.9384439909,-0.0056347354,1.0001255784,0.9888172504,0.9886930920
2455153.9384802729,-0.0056215735,1.0001240693,0.9888144389,0.9886917726
2455153.9385165554,-0.0056084115,1.0001225603,0.9888116314,0.9886904571
2455153.9385528374,-0.0055952496,1.0001210513,0.9888088279,0.9886891458
2455153.9385891198,-0.0055820876,1.0001195423,0.9888060284,0.9886878384
2455153.9386254018,-0.0055689257,1.0001180333,0.9888032329,0.9886865350
2455153.9386616843,-0.0055557637,1.0001165243,0.9888004414,0.9886852355
2455153.9386979663,-0.0055426018,1.0001150153,0.9887976539,0.9886839401
2455153.9387342487,-0.0055294398,1.0001135062,0.9887948703,0.9886826487
2455153.9387705307,-0.0055162779,1.0001119972,0.9887920908,0.9886813612
2455153.9388068132,-0.0055031159,1.0001104882,0.9887893151,0.9886800777
2455153.9388430952,-0.0054899540,1.0001089792,0.9887865435,0.9886787981
2455153.9388793777,-0.0054767920,1.0001074702,0.9887837758,0.9886775225
2455153.9389156597,-0.0054636301,1.0001059612,0.9887810120,0.9886762508
2455153.9389519421,-0.0054504681,1.0001044521,0.9887782522,0.9886749830
2455153.9389882241,-0.0054373062,1.0001029431,0.9887754963,0.9886737191
2455153.9390245066,-0.0054241442,1.0001014341,0.9887727443,0.9886724592
2455153.9390607886,-0.0054109823,1.0000999251,0.9887699962,0.9886712032
2455153.9390970711,-0.0053978203,1.0000984161,0.9887672520,0.9886699510
2455153.9391333531,-0.0053846584,1.0000969071,0.9887645118,0.9886687028
2455153.9391696355,-0.0053714964,1.0000953980,0.9887617753,0.9886674584
2455153.9392059175,-0.0053583345,1.0000938890,0.9887590428,0.9886662179
2455153.9392422000,-0.0053451725,1.0000923800,0.9887563142,0.9886649813
2455153.9392784820,-0.0053320106,1.0000908710,0.9887535894,0.9886637485
2455153.9393147645,-0.0053188486,1.0000893620,0.9887508684,0.9886625196
2455153.9393510465,-0.0053056867,1.0000878530,0.9887481514,0.9886612946
2455153.9393873289,-0.0052925247,1.0000863439,0.9887454381,0.9886600733
2455153.9394236109,-0.0052793628,1.0000848349,0.9887427287,0.9886588559
2455153.9394598934,-0.0052662008,1.0000833259,0.9887400231,0.9886576423
2455153.9394961754,-0.0052530389,1.0000818169,0.9887373214,0.9886564326
2455153.9395324579,-0.0052398769,1.0000803079,0.9887346234,0.9886552266
2455153.9395687399,-0.0052267150,1.0000787989,0.9887319293,0.9886540245
2455153.9396050223,-0.0052135530,1.0000772898,0.9887292390,0.9886528261
2455153.9396413043,-0.0052003911,1.0000757808,0.9887265524,0.9886516316
2455153.9396775868,-0.0051872291,1.0000742718,0.9887238696,0.9886504408
2455153.9397138688,-0.0051740672,1.0000727628,0.9887211907,0.9886492538
2455153.9397501512,-0.0051609052,1.0000712538,0.9887185154,0.9886480705
2455153.9397864332,-0.0051477433,1.0000697448,0.9887158440,0.9886468911
2455153.9398227157,-0.0051345813,1.0000682357,0.9887131763,0.9886457153
2455153.9398589977,-0.0051214194,1.0000667267,0.9887105124,0.9886445434
2455153.9398952802,-0.0051082574,1.0000652177,0.9887078522,0.9886433751
2455153.9399315622,-0.0050950955,1.0000637087,0.9887051957,0.9886422106
2455153.9399678446,-0.0050819335,1.0000621997,0.9887025430,0.9886410498
2455153.9400041266,-0.0050687716,1.0000606907,0.9886998940,0.9886398928
2455153.9400404086,-0.0050556097,1.0000591817,0.9886972487,0.9886387394
2455153.9400766911,-0.0050424477,1.0000576726,0.9886946071,0.9886375898
2455153.9401129731,-0.0050292858,1.0000561636,0.9886919693,0.9886364439
2455153.9401492556,-0.0050161238,1.0000546546,0.9886893351,0.9886353016
2455153.9401855376,-0.0050029619,1.0000531456,0.9886867046,0.9886341631
2455153.9402218200,-0.0049897999,1.0000516366,0.9886840778,0.9886330282
2455153.9402581020,-0.0049766380,1.0000501276,0.9886814547,0.9886318970
2455153.9402943845,-0.0049634760,1.0000486185,0.9886788353,0.9886307695
2455153.9403306665,-0.0049503141,1.0000471095,0.9886762195,0.9886296456
2455153.9403669490,-0.0049371521,1.0000456005,0.9886736074,0.9886285254
2455153.9404032310,-0.0049239902,1.0000440915,0.9886709989,0.9886274088
2455153.9404395134,-0.0049108282,1.0000425825,0.9886683941,0.9886262959
2455153.9404757954,-0.0048976663,1.0000410735,0.9886657929,0.9886251866
2455153.9405120779,-0.0048845043,1.0000395645,0.9886631953,0.9886240810
2455153.9405483599,-0.0048713424,1.0000380554,0.9886606014,0.9886229790
2455153.9405846423,-0.0048581804,1.0000365464,0.9886580111,0.9886218805
2455153.9406209243,-0.0048450185,1.0000350374,0.9886554245,0.9886207857
2455153.9406572068,-0.0048318565,1.0000335284,0.9886528414,0.9886196946
2455153.9406934888,-0.0048186946,1.0000320194,0.9886502619,0.9886186070
2455153.9407297713,-0.0048055326,1.0000305104,0.9886476860,0.9886175230
2455153.9407660533,-0.0047923707,1.0000290013,0.9886451138,0.9886164426
2455153.9408023357,-0.0047792087,1.0000274923,0.9886425451,0.9886153657
2455153.9408386177,-0.0047660468,1.0000259833,0.9886399800,0.9886142925
2455153.9408749002,-0.0047528848,1.0000244743,0.9886374184,0.9886132228
2455153.9409111822,-0.0047397229,1.0000229653,0.9886348605,0.9886121567
2455153.9409474647,-0.0047265609,1.0000214563,0.9886323061,0.9886110942
2455153.9409837467,-0.0047133990,1.0000199473,0.9886297552,0.9886100352
2455153.9410200291,-0.0047002370,1.0000184382,0.9886272079,0.9886089797
2455153.9410563111,-0.0046870751,1.0000169292,0.9886246642,0.9886079278
2455153.9410925936,-0.0046739131,1.0000154202,0.9886221239,0.9886068794
2455153.9411288756,-0.0046607512,1.0000139112,0.9886195873,0.9886058346
2455153.9411651581,-0.0046475892,1.0000124022,0.9886170541,0.9886047933
2455153.9412014401,-0.0046344273,1.0000108932,0.9886145245,0.9886037555
2455153.9412377225,-0.0046212653,1.0000093841,0.9886119984,0.9886027212
2455153.9412740045,-0.0046081034,1.0000078751,0.9886094758,0.9886016904
2455153.9413102870,-0.0045949414,1.0000063661,0.9886069566,0.9886006631
2455153.9413465690,-0.0045817795,1.0000048571,0.9886044411,0.9885996393
2455153.9413828515,-0.0045686175,1.0000033481,0.9886019289,0.9885986191
2455153.9414191335,-0.0045554556,1.0000018391,0.9885994203,0.9885976023
2455153.9414554159,-0.0045422936,1.0000003300,0.9885969152,0.9885965889
2455153.9414916979,-0.0045291317,0.9999988210,0.9885944136,0.9885955791
2455153.9415279804,-0.0045159697,0.9999973120,0.9885919154,0.9885945727
2455153.9415642624,-0.0045028078,0.9999958030,0.9885894207,0.9885935698
2455153.9416005448,-0.0044896458,0.9999942940,0.9885869294,0.9885925703
2455153.9416368268,-0.0044764839,0.9999927850,0.9885844416,0.9885915743
2455153.9416731093,-0.0044633219,0.9999912759,0.9885819573,0.9885905818
2455153.9417093913,-0.0044501600,0.9999897669,0.9885794764,0.9885895927
2455153.9417456738,-0.0044369980,0.9999882579,0.9885769989,0.9885886070
2455153.9417819558,-0.0044238361,0.9999867489,0.9885745249,0.9885876248
2455153.9418182378,-0.0044106743,0.9999852399,0.9885720543,0.9885866460
2455153.9418545202,-0.0043975122,0.9999837309,0.9885695871,0.9885856706
2455153.9418908022,-0.0043843504,0.9999822219,0.9885671234,0.9885846986
2455153.9419270847,-0.0043711883,0.9999807128,0.9885646631,0.9885837300
2455153.9419633667,-0.0043580265,0.9999792038,0.9885622062,0.9885827649
2455153.9419996492,-0.0043448644,0.9999776948,0.9885597526,0.9885818031
2455153.9420359312,-0.0043317025,0.9999761858,0.9885573025,0.9885808448
2455153.9420722136,-0.0043185405,0.9999746768,0.9885548558,0.9885798898
2455153.9421084956,-0.0043053786,0.9999731678,0.9885524125,0.9885789383
2455153.9421447781,-0.0042922166,0.9999716587,0.9885499725,0.9885779901
2455153.9421810601,-0.0042790547,0.9999701497,0.9885475360,0.9885770453
2455153.9422173426,-0.0042658927,0.9999686407,0.9885451028,0.9885761038
2455153.9422536246,-0.0042527308,0.9999671317,0.9885426730,0.9885751657
2455153.9422899070,-0.0042395688,0.9999656227,0.9885402465,0.9885742310
2455153.9423261890,-0.0042264069,0.9999641137,0.9885378234,0.9885732997
2455153.9423624715,-0.0042132449,0.9999626046,0.9885354037,0.9885723717
2455153.9423987535,-0.0042000830,0.9999610956,0.9885329873,0.9885714470
2455153.9424350359,-0.0041869210,0.9999595866,0.9885305742,0.9885705257
2455153.9424713179,-0.0041737591,0.9999580776,0.9885281645,0.9885696077
2455153.9425076004,-0.0041605971,0.9999565686,0.9885257582,0.9885686931
2455153.9425438824,-0.0041474352,0.9999550596,0.9885233551,0.9885677818
2455153.9425801649,-0.0041342732,0.9999535505,0.9885209554,0.9885668738
2455153.9426164469,-0.0041211113,0.9999520415,0.9885185591,0.9885659692
2455153.9426527293,-0.0041079493,0.9999505325,0.9885161660,0.9885650678
2455153.9426890113,-0.0040947874,0.9999490235,0.9885137762,0.9885641698
2455153.9427252938,-0.0040816254,0.9999475145,0.9885113898,0.9885632750
2455153.9427615758,-0.0040684635,0.9999460055,0.9885090067,0.9885623836
2455153.9427978583,-0.0040553015,0.9999444965,0.9885066268,0.9885614955
2455153.9428341403,-0.0040421396,0.9999429874,0.9885042503,0.9885606106
2455153.9428704227,-0.0040289776,0.9999414784,0.9885018770,0.9885597291
2455153.9429067047,-0.0040158157,0.9999399694,0.9884995071,0.9885588508
2455153.9429429872,-0.0040026537,0.9999384604,0.9884971404,0.9885579758
2455153.9429792692,-0.0039894918,0.9999369514,0.9884947770,0.9885571041
2455153.9430155517,-0.0039763298,0.9999354424,0.9884924168,0.9885562357
2455153.9430518337,-0.0039631679,0.9999339333,0.9884900600,0.9885553705
2455153.9430881161,-0.0039500059,0.9999324243,0.9884877064,0.9885545086
2455153.9431243981,-0.0039368440,0.9999309153,0.9884853560,0.9885536500
2455153.9431606806,-0.0039236820,0.9999294063,0.9884830089,0.9885527945
2455153.9431969626,-0.0039105201,0.9999278973,0.9884806651,0.9885519424
2455153.9432332451,-0.0038973581,0.9999263883,0.9884783245,0.9885510935
2455153.9432695271,-0.0038841962,0.9999248793,0.9884759872,0.9885502478
2455153.9433058095,-0.0038710342,0.9999233702,0.9884736531,0.9885494054
2455153.9433420915,-0.0038578723,0.9999218612,0.9884713222,0.9885485662
2455153.9433783740,-0.0038447103,0.9999203522,0.9884689946,0.9885477302
2455153.9434146560,-0.0038315484,0.9999188432,0.9884666702,0.9885468975
2455153.9434509384,-0.0038183864,0.9999173342,0.9884643490,0.9885460680
2455153.9434872204,-0.0038052245,0.9999158252,0.9884620310,0.9885452416
2455153.9435235029,-0.0037920625,0.9999143161,0.9884597162,0.9885444185
2455153.9435597849,-0.0037789006,0.9999128071,0.9884574047,0.9885435987
2455153.9435960674,-0.0037657386,0.9999112981,0.9884550963,0.9885427820
2455153.9436323494,-0.0037525767,0.9999097891,0.9884527912,0.9885419685
2455153.9436686314,-0.0037394149,0.9999082801,0.9884504893,0.9885411582
2455153.9437049138,-0.0037262528,0.9999067711,0.9884481905,0.9885403511
2455153.9437411958,-0.0037130910,0.9999052621,0.9884458950,0.9885395472
2455153.9437774783,-0.0036999289,0.9999037530,0.9884436026,0.9885387464
2455153.9438137603,-0.0036867671,0.9999022440,0.9884413134,0.9885379489
2455153.9438500428,-0.0036736050,0.9999007350,0.9884390274,0.9885371545
2455153.9438863248,-0.0036604432,0.9998992260,0.9884367445,0.9885363633
2455153.9439226072,-0.0036472811,0.9998977170,0.9884344648,0.9885355753
2455153.9439588892,-0.0036341193,0.9998962080,0.9884321884,0.9885347904
2455153.9439951717,-0.0036209572,0.9998946989,0.9884299150,0.9885340087
2455153.9440314537,-0.0036077954,0.9998931899,0.9884276448,0.9885332301
2455153.9440677362,-0.0035946333,0.9998916809,0.9884253778,0.9885324547
2455153.9441040182,-0.0035814715,0.9998901719,0.9884231139,0.9885316825
2455153.9441403006,-0.0035683094,0.9998886629,0.9884208532,0.9885309134
2455153.9441765826,-0.0035551476,0.9998871539,0.9884185956,0.9885301474
2455153.9442128651,-0.0035419855,0.9998856448,0.9884163411,0.9885293846
2455153.9442491471,-0.0035288237,0.9998841358,0.9884140898,0.9885286249
2455153.9442854295,-0.0035156616,0.9998826268,0.9884118416,0.9885278683
2455153.9443217115,-0.0035024998,0.9998811178,0.9884095966,0.9885271149
2455153.9443579940,-0.0034893377,0.9998796088,0.9884073546,0.9885263645
2455153.9443942760,-0.0034761759,0.9998780998,0.9884051159,0.9885256174
2455153.9444305585,-0.0034630138,0.9998765907,0.9884028802,0.9885248733
2455153.9444668405,-0.0034498520,0.9998750817,0.9884006476,0.9885241323
2455153.9445031229,-0.0034366899,0.9998735727,0.9883984181,0.9885233944
2455153.9445394049,-0.0034235281,0.9998720637,0.9883961918,0.9885226597
2455153.9445756874,-0.0034103660,0.9998705547,0.9883939685,0.9885219280
2455153.9446119694,-0.0033972042,0.9998690457,0.9883917484,0.9885211995
2455153.9446482519,-0.0033840421,0.9998675366,0.9883895313,0.9885204740
2455153.9446845339,-0.0033708803,0.9998660276,0.9883873173,0.9885197517
2455153.9447208163,-0.0033577182,0.9998645186,0.9883851065,0.9885190324
2455153.9447570983,-0.0033445564,0.9998630096,0.9883828987,0.9885183162
2455153.9447933808,-0.0033313943,0.9998615006,0.9883806940,0.9885176031
2455153.9448296628,-0.0033182325,0.9998599916,0.9883784924,0.9885168931
2455153.9448659453,-0.0033050704,0.9998584825,0.9883762938,0.9885161861
2455153.9449022273,-0.0032919086,0.9998569735,0.9883740983,0.9885154822
2455153.9449385097,-0.0032787465,0.9998554645,0.9883719059,0.9885147814
2455153.9449747917,-0.0032655847,0.9998539555,0.9883697166,0.9885140836
2455153.9450110742,-0.0032524226,0.9998524465,0.9883675303,0.9885133889
2455153.9450473562,-0.0032392608,0.9998509375,0.9883653471,0.9885126973
2455153.9450836387,-0.0032260987,0.9998494285,0.9883631669,0.9885120087
2455153.9451199207,-0.0032129369,0.9998479194,0.9883609898,0.9885113232
2455153.9451562031,-0.0031997748,0.9998464104,0.9883588157,0.9885106407
2455153.9451924851,-0.0031866130,0.9998449014,0.9883566447,0.9885099612
2455153.9452287676,-0.0031734509,0.9998433924,0.9883544768,0.9885092848
2455153.9452650496,-0.0031602891,0.9998418834,0.9883523118,0.9885086115
2455153.9453013320,-0.0031471270,0.9998403744,0.9883501499,0.9885079412
2455153.9453376140,-0.0031339652,0.9998388653,0.9883479911,0.9885072739
2455153.9453738965,-0.0031208031,0.9998373563,0.9883458352,0.9885066096
2455153.9454101785,-0.0031076413,0.9998358473,0.9883436825,0.9885059484
2455153.9454464610,-0.0030944792,0.9998343383,0.9883415327,0.9885052901
2455153.9454827430,-0.0030813174,0.9998328293,0.9883393859,0.9885046350
2455153.9455190250,-0.0030681555,0.9998313203,0.9883372422,0.9885039828
2455153.9455553074,-0.0030549935,0.9998298113,0.9883351015,0.9885033336
2455153.9455915894,-0.0030418316,0.9998283022,0.9883329638,0.9885026875
2455153.9456278719,-0.0030286696,0.9998267932,0.9883308291,0.9885020443
2455153.9456641539,-0.0030155077,0.9998252842,0.9883286974,0.9885014042
2455153.9457004364,-0.0030023457,0.9998237752,0.9883265687,0.9885007670
2455153.9457367184,-0.0029891838,0.9998222662,0.9883244430,0.9885001329
2455153.9457730008,-0.0029760218,0.9998207572,0.9883223203,0.9884995017
2455153.9458092828,-0.0029628599,0.9998192482,0.9883202006,0.9884988736
2455153.9458455653,-0.0029496979,0.9998177391,0.9883180839,0.9884982484
2455153.9458818473,-0.0029365360,0.9998162301,0.9883159702,0.9884976263
2455153.9459181298,-0.0029233740,0.9998147211,0.9883138594,0.9884970071
2455153.9459544118,-0.0029102121,0.9998132121,0.9883117517,0.9884963909
2455153.9459906942,-0.0028970501,0.9998117031,0.9883096469,0.9884957776
2455153.9460269762,-0.0028838882,0.9998101941,0.9883075451,0.9884951674
2455153.9460632587,-0.0028707262,0.9998086850,0.9883054463,0.9884945601
2455153.9460995407,-0.0028575643,0.9998071760,0.9883033504,0.9884939558
2455153.9461358231,-0.0028444023,0.9998056670,0.9883012575,0.9884933544
2455153.9461721051,-0.0028312404,0.9998041580,0.9882991676,0.9884927560
2455153.9462083876,-0.0028180784,0.9998026490,0.9882970807,0.9884921606
2455153.9462446696,-0.0028049165,0.9998011400,0.9882949967,0.9884915682
2455153.9462809521,-0.0027917545,0.9997996309,0.9882929156,0.9884909787
2455153.9463172341,-0.0027785926,0.9997981219,0.9882908376,0.9884903921
2455153.9463535165,-0.0027654306,0.9997966129,0.9882887624,0.9884898085
2455153.9463897985,-0.0027522687,0.9997951039,0.9882866903,0.9884892279
2455153.9464260810,-0.0027391067,0.9997935949,0.9882846210,0.9884886502
2455153.9464623630,-0.0027259448,0.9997920859,0.9882825548,0.9884880754
2455153.9464986455,-0.0027127828,0.9997905768,0.9882804914,0.9884875036
2455153.9465349275,-0.0026996209,0.9997890678,0.9882784310,0.9884869347
2455153.9465712099,-0.0026864589,0.9997875588,0.9882763735,0.9884863687
2455153.9466074919,-0.0026732970,0.9997860498,0.9882743190,0.9884858057
2455153.9466437744,-0.0026601350,0.9997845408,0.9882722674,0.9884852456
2455153.9466800564,-0.0026469731,0.9997830318,0.9882702187,0.9884846885
2455153.9467163389,-0.0026338111,0.9997815227,0.9882681729,0.9884841342
2455153.9467526209,-0.0026206492,0.9997800137,0.9882661301,0.9884835829
2455153.9467889033,-0.0026074872,0.9997785047,0.9882640902,0.9884830345
2455153.9468251853,-0.0025943253,0.9997769957,0.9882620532,0.9884824891
2455153.9468614678,-0.0025811633,0.9997754867,0.9882600192,0.9884819465
2455153.9468977498,-0.0025680014,0.9997739777,0.9882579880,0.9884814069
2455153.9469340323,-0.0025548394,0.9997724686,0.9882559597,0.9884808701
2455153.9469703143,-0.0025416775,0.9997709596,0.9882539344,0.9884803363
2455153.9470065967,-0.0025285155,0.9997694506,0.9882519120,0.9884798054
2455153.9470428787,-0.0025153536,0.9997679416,0.9882498925,0.9884792774
2455153.9470791612,-0.0025021916,0.9997664326,0.9882478758,0.9884787523
2455153.9471154432,-0.0024890297,0.9997649236,0.9882458621,0.9884782300
2455153.9471517256,-0.0024758677,0.9997634145,0.9882438513,0.9884777107
2455153.9471880076,-0.0024627058,0.9997619055,0.9882418433,0.9884771943
2455153.9472242901,-0.0024495437,0.9997603965,0.9882398383,0.9884766807
2455153.9472605721,-0.0024363819,0.9997588875,0.9882378362,0.9884761701
2455153.9472968546,-0.0024232198,0.9997573785,0.9882358369,0.9884756623
2455153.9473331366,-0.0024100580,0.9997558695,0.9882338405,0.9884751575
2455153.9473694186,-0.0023968961,0.9997543605,0.9882318470,0.9884746555
2455153.9474057010,-0.0023837341,0.9997528514,0.9882298564,0.9884741563
2455153.9474419830,-0.0023705722,0.9997513424,0.9882278687,0.9884736601
2455153.9474782655,-0.0023574102,0.9997498334,0.9882258838,0.9884731667
2455153.9475145475,-0.0023442483,0.9997483244,0.9882239018,0.9884726763
2455153.9475508300,-0.0023310863,0.9997468154,0.9882219227,0.9884721886
2455153.9475871120,-0.0023179244,0.9997453064,0.9882199465,0.9884717039
2455153.9476233944,-0.0023047624,0.9997437974,0.9882179731,0.9884712220
2455153.9476596764,-0.0022916005,0.9997422883,0.9882160026,0.9884707430
2455153.9476959589,-0.0022784385,0.9997407793,0.9882140349,0.9884702668
2455153.9477322409,-0.0022652766,0.9997392703,0.9882120701,0.9884697935
2455153.9477685234,-0.0022521146,0.9997377613,0.9882101082,0.9884693231
2455153.9478048054,-0.0022389527,0.9997362523,0.9882081491,0.9884688555
2455153.9478410878,-0.0022257907,0.9997347433,0.9882061929,0.9884683908
2455153.9478773698,-0.0022126288,0.9997332342,0.9882042395,0.9884679289
2455153.9479136523,-0.0021994668,0.9997317252,0.9882022890,0.9884674699
2455153.9479499343,-0.0021863049,0.9997302162,0.9882003413,0.9884670137
2455153.9479862167,-0.0021731429,0.9997287072,0.9881983965,0.9884665604
2455153.9480224987,-0.0021599810,0.9997271982,0.9881964545,0.9884661099
2455153.9480587812,-0.0021468190,0.9997256892,0.9881945154,0.9884656623
2455153.9480950632,-0.0021336571,0.9997241802,0.9881925791,0.9884652174
2455153.9481313457,-0.0021204951,0.9997226711,0.9881906457,0.9884647755
2455153.9481676277,-0.0021073332,0.9997211621,0.9881887151,0.9884643364
2455153.9482039101,-0.0020941712,0.9997196531,0.9881867873,0.9884639001
2455153.9482401921,-0.0020810093,0.9997181441,0.9881848623,0.9884634666
2455153.9482764746,-0.0020678473,0.9997166351,0.9881829402,0.9884630360
2455153.9483127566,-0.0020546854,0.9997151261,0.9881810209,0.9884626081
2455153.9483490391,-0.0020415234,0.9997136170,0.9881791044,0.9884621832
2455153.9483853211,-0.0020283615,0.9997121080,0.9881771908,0.9884617610
2455153.9484216035,-0.0020151995,0.9997105990,0.9881752800,0.9884613417
2455153.9484578855,-0.0020020376,0.9997090900,0.9881733720,0.9884609252
2455153.9484941680,-0.0019888756,0.9997075810,0.9881714668,0.9884605115
2455153.9485304500,-0.0019757137,0.9997060720,0.9881695645,0.9884601006
2455153.9485667325,-0.0019625517,0.9997045629,0.9881676649,0.9884596925
2455153.9486030145,-0.0019493898,0.9997030539,0.9881657682,0.9884592873
2455153.9486392969,-0.0019362278,0.9997015449,0.9881638743,0.9884588849
2455153.9486755789,-0.0019230659,0.9997000359,0.9881619832,0.9884584852
2455153.9487118614,-0.0019099039,0.9996985269,0.9881600949,0.9884580884
2455153.9487481434,-0.0018967420,0.9996970179,0.9881582094,0.9884576944
2455153.9487844259,-0.0018835800,0.9996955088,0.9881563267,0.9884573032
2455153.9488207079,-0.0018704181,0.9996939998,0.9881544468,0.9884569148
2455153.9488569903,-0.0018572561,0.9996924908,0.9881525697,0.9884565292
2455153.9488932723,-0.0018440942,0.9996909818,0.9881506955,0.9884561464
2455153.9489295548,-0.0018309322,0.9996894728,0.9881488240,0.9884557664
2455153.9489658368,-0.0018177703,0.9996879638,0.9881469553,0.9884553892
2455153.9490021192,-0.0018046083,0.9996864547,0.9881450894,0.9884550148
2455153.9490384012,-0.0017914464,0.9996849457,0.9881432263,0.9884546432
2455153.9490746837,-0.0017782844,0.9996834367,0.9881413660,0.9884542744
2455153.9491109657,-0.0017651225,0.9996819277,0.9881395085,0.9884539083
2455153.9491472482,-0.0017519605,0.9996804187,0.9881376538,0.9884535451
2455153.9491835302,-0.0017387986,0.9996789097,0.9881358019,0.9884531846
2455153.9492198122,-0.0017256367,0.9996774007,0.9881339527,0.9884528270
2455153.9492560946,-0.0017124747,0.9996758916,0.9881321064,0.9884524721
2455153.9492923766,-0.0016993128,0.9996743826,0.9881302628,0.9884521200
2455153.9493286591,-0.0016861508,0.9996728736,0.9881284220,0.9884517706
2455153.9493649411,-0.0016729889,0.9996713646,0.9881265840,0.9884514241
2455153.9494012236,-0.0016598269,0.9996698556,0.9881247487,0.9884510803
2455153.9494375056,-0.0016466650,0.9996683466,0.9881229163,0.9884507393
2455153.9494737880,-0.0016335030,0.9996668375,0.9881210866,0.9884504011
2455153.9495100700,-0.0016203411,0.9996653285,0.9881192597,0.9884500657
2455153.9495463525,-0.0016071791,0.9996638195,0.9881174355,0.9884497330
2455153.9495826345,-0.0015940172,0.9996623105,0.9881156141,0.9884494031
2455153.9496189170,-0.0015808552,0.9996608015,0.9881137955,0.9884490760
2455153.9496551990,-0.0015676933,0.9996592925,0.9881119797,0.9884487516
2455153.9496914814,-0.0015545313,0.9996577834,0.9881101666,0.9884484300
2455153.9497277634,-0.0015413694,0.9996562744,0.9881083563,0.9884481112
2455153.9497640459,-0.0015282074,0.9996547654,0.9881065487,0.9884477951
2455153.9498003279,-0.0015150455,0.9996532564,0.9881047440,0.9884474818
2455153.9498366104,-0.0015018835,0.9996517474,0.9881029419,0.9884471712
2455153.9498728923,-0.0014887216,0.9996502384,0.9881011427,0.9884468635
2455153.9499091748,-0.0014755596,0.9996487294,0.9880993462,0.9884465584
2455153.9499454568,-0.0014623977,0.9996472203,0.9880975524,0.9884462562
2455153.9499817393,-0.0014492357,0.9996457113,0.9880957614,0.9884459566
2455153.9500180213,-0.0014360738,0.9996442023,0.9880939732,0.9884456599
2455153.9500543037,-0.0014229118,0.9996426933,0.9880921877,0.9884453659
2455153.9500905857,-0.0014097499,0.9996411843,0.9880904050,0.9884450746
2455153.9501268682,-0.0013965879,0.9996396753,0.9880886250,0.9884447861
2455153.9501631502,-0.0013834260,0.9996381662,0.9880868478,0.9884445003
2455153.9501994327,-0.0013702640,0.9996366572,0.9880850733,0.9884442173
2455153.9502357147,-0.0013571021,0.9996351482,0.9880833015,0.9884439371
2455153.9502719971,-0.0013439401,0.9996336392,0.9880815325,0.9884436595
2455153.9503082791,-0.0013307782,0.9996321302,0.9880797663,0.9884433848
2455153.9503445616,-0.0013176162,0.9996306212,0.9880780028,0.9884431127
2455153.9503808436,-0.0013044543,0.9996291122,0.9880762420,0.9884428434
2455153.9504171261,-0.0012912923,0.9996276031,0.9880744840,0.9884425769
2455153.9504534081,-0.0012781304,0.9996260941,0.9880727287,0.9884423131
2455153.9504896905,-0.0012649684,0.9996245851,0.9880709761,0.9884420520
2455153.9505259725,-0.0012518065,0.9996230761,0.9880692263,0.9884417937
2455153.9505622550,-0.0012386445,0.9996215671,0.9880674792,0.9884415381
2455153.9505985370,-0.0012254826,0.9996200581,0.9880657349,0.9884412852
2455153.9506348195,-0.0012123206,0.9996185490,0.9880639933,0.9884410351
2455153.9506711015,-0.0011991587,0.9996170400,0.9880622544,0.9884407877
2455153.9507073839,-0.0011859967,0.9996155310,0.9880605183,0.9884405430
2455153.9507436659,-0.0011728348,0.9996140220,0.9880587849,0.9884403011
2455153.9507799484,-0.0011596728,0.9996125130,0.9880570542,0.9884400619
2455153.9508162304,-0.0011465109,0.9996110040,0.9880553262,0.9884398254
2455153.9508525128,-0.0011333489,0.9996094949,0.9880536010,0.9884395917
2455153.9508887948,-0.0011201870,0.9996079859,0.9880518785,0.9884393607
2455153.9509250773,-0.0011070250,0.9996064769,0.9880501587,0.9884391324
2455153.9509613593,-0.0010938631,0.9996049679,0.9880484417,0.9884389068
2455153.9509976418,-0.0010807011,0.9996034589,0.9880467274,0.9884386839
2455153.9510339238,-0.0010675392,0.9996019499,0.9880450158,0.9884384638
2455153.9510702058,-0.0010543774,0.9996004409,0.9880433069,0.9884382464
2455153.9511064882,-0.0010412153,0.9995989318,0.9880416007,0.9884380318
2455153.9511427702,-0.0010280535,0.9995974228,0.9880398973,0.9884378198
2455153.9511790527,-0.0010148914,0.9995959138,0.9880381966,0.9884376106
2455153.9512153347,-0.0010017296,0.9995944048,0.9880364986,0.9884374040
2455153.9512516172,-0.0009885675,0.9995928958,0.9880348033,0.9884372002
2455153.9512878992,-0.0009754057,0.9995913868,0.9880331107,0.9884369992
2455153.9513241816,-0.0009622436,0.9995898777,0.9880314208,0.9884368008
2455153.9513604636,-0.0009490818,0.9995883687,0.9880297337,0.9884366051
2455153.9513967461,-0.0009359197,0.9995868597,0.9880280493,0.9884364122
2455153.9514330281,-0.0009227579,0.9995853507,0.9880263676,0.9884362220
2455153.9514693106,-0.0009095958,0.9995838417,0.9880246886,0.9884360345
2455153.9515055926,-0.0008964340,0.9995823327,0.9880230123,0.9884358497
2455153.9515418750,-0.0008832719,0.9995808236,0.9880213387,0.9884356676
2455153.9515781570,-0.0008701101,0.9995793146,0.9880196678,0.9884354882
2455153.9516144395,-0.0008569480,0.9995778056,0.9880179997,0.9884353115
2455153.9516507215,-0.0008437862,0.9995762966,0.9880163342,0.9884351375
2455153.9516870040,-0.0008306241,0.9995747876,0.9880146715,0.9884349663
2455153.9517232860,-0.0008174623,0.9995732786,0.9880130114,0.9884347977
2455153.9517595684,-0.0008043002,0.9995717695,0.9880113541,0.9884346319
2455153.9517958504,-0.0007911384,0.9995702605,0.9880096995,0.9884344688
2455153.9518321329,-0.0007779763,0.9995687515,0.9880080475,0.9884343083
2455153.9518684149,-0.0007648145,0.9995672425,0.9880063983,0.9884341506
2455153.9519046973,-0.0007516524,0.9995657335,0.9880047518,0.9884339956
2455153.9519409793,-0.0007384906,0.9995642245,0.9880031080,0.9884338433
2455153.9519772618,-0.0007253285,0.9995627154,0.9880014669,0.9884336937
2455153.9520135438,-0.0007121667,0.9995612064,0.9879998285,0.9884335468
2455153.9520498263,-0.0006990046,0.9995596974,0.9879981928,0.9884334025
2455153.9520861083,-0.0006858428,0.9995581884,0.9879965598,0.9884332610
2455153.9521223907,-0.0006726807,0.9995566794,0.9879949294,0.9884331222
2455153.9521586727,-0.0006595189,0.9995551704,0.9879933018,0.9884329861
2455153.9521949552,-0.0006463568,0.9995536614,0.9879916769,0.9884328527
2455153.9522312372,-0.0006331950,0.9995521523,0.9879900547,0.9884327220
2455153.9522675197,-0.0006200329,0.9995506433,0.9879884352,0.9884325940
2455153.9523038017,-0.0006068711,0.9995491343,0.9879868184,0.9884324686
2455153.9523400841,-0.0005937090,0.9995476253,0.9879852042,0.9884323460
2455153.9523763661,-0.0005805472,0.9995461163,0.9879835928,0.9884322261
2455153.9524126486,-0.0005673851,0.9995446073,0.9879819841,0.9884321089
2455153.9524489306,-0.0005542233,0.9995430982,0.9879803780,0.9884319943
2455153.9524852131,-0.0005410612,0.9995415892,0.9879787747,0.9884318825
2455153.9525214951,-0.0005278994,0.9995400802,0.9879771740,0.9884317733
2455153.9525577775,-0.0005147373,0.9995385712,0.9879755760,0.9884316669
2455153.9525940595,-0.0005015755,0.9995370622,0.9879739808,0.9884315631
2455153.9526303420,-0.0004884134,0.9995355532,0.9879723882,0.9884314621
2455153.9526666240,-0.0004752516,0.9995340442,0.9879707983,0.9884313637
2455153.9527029064,-0.0004620895,0.9995325351,0.9879692111,0.9884312680
2455153.9527391884,-0.0004489277,0.9995310261,0.9879676266,0.9884311750
2455153.9527754709,-0.0004357656,0.9995295171,0.9879660448,0.9884310847
2455153.9528117529,-0.0004226038,0.9995280081,0.9879644657,0.9884309971
2455153.9528480354,-0.0004094417,0.9995264991,0.9879628892,0.9884309122
2455153.9528843174,-0.0003962799,0.9995249901,0.9879613155,0.9884308300
2455153.9529205994,-0.0003831180,0.9995234810,0.9879597444,0.9884307504
2455153.9529568818,-0.0003699559,0.9995219720,0.9879581761,0.9884306736
2455153.9529931638,-0.0003567941,0.9995204630,0.9879566104,0.9884305994
2455153.9530294463,-0.0003436320,0.9995189540,0.9879550474,0.9884305280
2455153.9530657283,-0.0003304702,0.9995174450,0.9879534871,0.9884304592
2455153.9531020108,-0.0003173081,0.9995159360,0.9879519295,0.9884303931
2455153.9531382928,-0.0003041463,0.9995144270,0.9879503745,0.9884303297
2455153.9531745752,-0.0002909842,0.9995129179,0.9879488223,0.9884302690
2455153.9532108572,-0.0002778224,0.9995114089,0.9879472727,0.9884302109
2455153.9532471397,-0.0002646603,0.9995098999,0.9879457259,0.9884301556
2455153.9532834217,-0.0002514985,0.9995083909,0.9879441817,0.9884301029
2455153.9533197042,-0.0002383364,0.9995068819,0.9879426402,0.9884300530
2455153.9533559862,-0.0002251746,0.9995053729,0.9879411014,0.9884300057
2455153.9533922686,-0.0002120125,0.9995038638,0.9879395652,0.9884299611
2455153.9534285506,-0.0001988507,0.9995023548,0.9879380318,0.9884299192
2455153.9534648331,-0.0001856886,0.9995008458,0.9879365010,0.9884298799
2455153.9535011151,-0.0001725268,0.9994993368,0.9879349730,0.9884298434
2455153.9535373976,-0.0001593647,0.9994978278,0.9879334475,0.9884298096
2455153.9535736796,-0.0001462029,0.9994963188,0.9879319249,0.9884297784
2455153.9536099620,-0.0001330408,0.9994948097,0.9879304048,0.9884297499
2455153.9536462440,-0.0001198790,0.9994933007,0.9879288875,0.9884297241
2455153.9536825265,-0.0001067169,0.9994917917,0.9879273728,0.9884297010
2455153.9537188085,-0.0000935551,0.9994902827,0.9879258609,0.9884296806
2455153.9537550909,-0.0000803930,0.9994887737,0.9879243516,0.9884296628
2455153.9537913729,-0.0000672312,0.9994872647,0.9879228450,0.9884296478
2455153.9538276554,-0.0000540691,0.9994857556,0.9879213410,0.9884296354
2455153.9538639374,-0.0000409073,0.9994842466,0.9879198398,0.9884296257
2455153.9539002199,-0.0000277452,0.9994827376,0.9879183412,0.9884296187
2455153.9539365019,-0.0000145834,0.9994812286,0.9879168454,0.9884296144
2455153.9539727843,-0.0000014213,0.9994797196,0.9879153522,0.9884296128
2455153.9540090663,0.0000117405,0.9994782106,0.9879138617,0.9884296138
2455153.9540453488,0.0000249026,0.9994767015,0.9879123739,0.9884296176
2455153.9540816308,0.0000380644,0.9994751925,0.9879108887,0.9884296240
2455153.9541179133,0.0000512265,0.9994736835,0.9879094063,0.9884296331
2455153.9541541953,0.0000643883,0.9994721745,0.9879079265,0.9884296449
2455153.9541904777,0.0000775504,0.9994706655,0.9879064494,0.9884296594
2455153.9542267597,0.0000907122,0.9994691565,0.9879049750,0.9884296765
2455153.9542630422,0.0001038743,0.9994676474,0.9879035033,0.9884296964
2455153.9542993242,0.0001170361,0.9994661384,0.9879020343,0.9884297189
2455153.9543356067,0.0001301982,0.9994646294,0.9879005679,0.9884297441
2455153.9543718887,0.0001433600,0.9994631204,0.9878991042,0.9884297720
2455153.9544081711,0.0001565221,0.9994616114,0.9878976432,0.9884298026
2455153.9544444531,0.0001696839,0.9994601024,0.9878961849,0.9884298359
2455153.9544807356,0.0001828460,0.9994585934,0.9878947293,0.9884298718
2455153.9545170176,0.0001960078,0.9994570843,0.9878932764,0.9884299105
2455153.9545533000,0.0002091699,0.9994555753,0.9878918261,0.9884299518
2455153.9545895820,0.0002223317,0.9994540663,0.9878903786,0.9884299958
2455153.9546258645,0.0002354938,0.9994525573,0.9878889337,0.9884300425
2455153.9546621465,0.0002486556,0.9994510483,0.9878874915,0.9884300919
2455153.9546984290,0.0002618177,0.9994495393,0.9878860520,0.9884301440
2455153.9547347110,0.0002749795,0.9994480302,0.9878846152,0.9884301987
2455153.9547709930,0.0002881414,0.9994465212,0.9878831810,0.9884302562
2455153.9548072754,0.0003013034,0.9994450122,0.9878817496,0.9884303163
2455153.9548435574,0.0003144653,0.9994435032,0.9878803208,0.9884303792
2455153.9548798399,0.0003276273,0.9994419942,0.9878788947,0.9884304447
2455153.9549161219,0.0003407892,0.9994404852,0.9878774713,0.9884305129
2455153.9549524044,0.0003539512,0.9994389762,0.9878760506,0.9884305838
2455153.9549886864,0.0003671131,0.9994374671,0.9878746326,0.9884306573
2455153.9550249688,0.0003802751,0.9994359581,0.9878732173,0.9884307336
2455153.9550612508,0.0003934370,0.9994344491,0.9878718046,0.9884308126
2455153.9550975333,0.0004065990,0.9994329401,0.9878703947,0.9884308942
2455153.9551338153,0.0004197609,0.9994314311,0.9878689874,0.9884309785
2455153.9551700978,0.0004329229,0.9994299221,0.9878675828,0.9884310656
2455153.9552063798,0.0004460848,0.9994284130,0.9878661809,0.9884311553
2455153.9552426622,0.0004592468,0.9994269040,0.9878647817,0.9884312477
2455153.9552789442,0.0004724087,0.9994253950,0.9878633852,0.9884313428
2455153.9553152267,0.0004855707,0.9994238860,0.9878619914,0.9884314406
2455153.9553515087,0.0004987326,0.9994223770,0.9878606003,0.9884315411
2455153.9553877912,0.0005118946,0.9994208680,0.9878592118,0.9884316443
2455153.9554240732,0.0005250565,0.9994193590,0.9878578261,0.9884317501
2455153.9554603556,0.0005382185,0.9994178499,0.9878564430,0.9884318587
2455153.9554966376,0.0005513804,0.9994163409,0.9878550627,0.9884319699
2455153.9555329201,0.0005645424,0.9994148319,0.9878536850,0.9884320839
2455153.9555692021,0.0005777043,0.9994133229,0.9878523100,0.9884322005
2455153.9556054845,0.0005908663,0.9994118139,0.9878509377,0.9884323199
2455153.9556417665,0.0006040282,0.9994103049,0.9878495681,0.9884324419
2455153.9556780490,0.0006171902,0.9994087958,0.9878482012,0.9884325667
2455153.9557143310,0.0006303521,0.9994072868,0.9878468370,0.9884326941
2455153.9557506135,0.0006435141,0.9994057778,0.9878454755,0.9884328242
2455153.9557868955,0.0006566760,0.9994042688,0.9878441167,0.9884329571
2455153.9558231779,0.0006698380,0.9994027598,0.9878427606,0.9884330926
2455153.9558594599,0.0006829999,0.9994012508,0.9878414072,0.9884332308
2455153.9558957424,0.0006961619,0.9993997417,0.9878400564,0.9884333717
2455153.9559320244,0.0007093238,0.9993982327,0.9878387084,0.9884335154
2455153.9559683069,0.0007224858,0.9993967237,0.9878373631,0.9884336617
2455153.9560045889,0.0007356477,0.9993952147,0.9878360205,0.9884338107
2455153.9560408713,0.0007488097,0.9993937057,0.9878346806,0.9884339625
2455153.9560771533,0.0007619716,0.9993921967,0.9878333434,0.9884341169
2455153.9561134358,0.0007751336,0.9993906876,0.9878320088,0.9884342740
2455153.9561497178,0.0007882955,0.9993891786,0.9878306770,0.9884344339
2455153.9561860003,0.0008014575,0.9993876696,0.9878293479,0.9884345964
2455153.9562222823,0.0008146194,0.9993861606,0.9878280215,0.9884347617
2455153.9562585647,0.0008277814,0.9993846516,0.9878266978,0.9884349297
2455153.9562948467,0.0008409433,0.9993831426,0.9878253768,0.9884351003
2455153.9563311292,0.0008541053,0.9993816335,0.9878240585,0.9884352737
2455153.9563674112,0.0008672672,0.9993801245,0.9878227429,0.9884354498
2455153.9564036936,0.0008804292,0.9993786155,0.9878214300,0.9884356286
2455153.9564399756,0.0008935911,0.9993771065,0.9878201199,0.9884358101
2455153.9564762581,0.0009067531,0.9993755975,0.9878188124,0.9884359943
2455153.9565125401,0.0009199150,0.9993740885,0.9878175076,0.9884361812
2455153.9565488226,0.0009330770,0.9993725794,0.9878162056,0.9884363709
2455153.9565851046,0.0009462389,0.9993710704,0.9878149063,0.9884365632
2455153.9566213866,0.0009594008,0.9993695614,0.9878136096,0.9884367583
2455153.9566576690,0.0009725628,0.9993680524,0.9878123157,0.9884369561
2455153.9566939510,0.0009857247,0.9993665434,0.9878110245,0.9884371566
2455153.9567302335,0.0009988867,0.9993650344,0.9878097360,0.9884373598
2455153.9567665155,0.0010120486,0.9993635254,0.9878084503,0.9884375657
2455153.9568027980,0.0010252106,0.9993620163,0.9878071672,0.9884377744
2455153.9568390800,0.0010383725,0.9993605073,0.9878058869,0.9884379857
2455153.9568753624,0.0010515345,0.9993589983,0.9878046093,0.9884381998
2455153.9569116444,0.0010646964,0.9993574893,0.9878033344,0.9884384166
2455153.9569479269,0.0010778584,0.9993559803,0.9878020622,0.9884386362
2455153.9569842089,0.0010910203,0.9993544713,0.9878007928,0.9884388584
2455153.9570204914,0.0011041823,0.9993529622,0.9877995260,0.9884390834
2455153.9570567734,0.0011173442,0.9993514532,0.9877982620,0.9884393111
2455153.9570930558,0.0011305062,0.9993499442,0.9877970007,0.9884395415
2455153.9571293378,0.0011436681,0.9993484352,0.9877957421,0.9884397747
2455153.9571656203,0.0011568301,0.9993469262,0.9877944863,0.9884400106
2455153.9572019023,0.0011699920,0.9993454172,0.9877932332,0.9884402492
2455153.9572381848,0.0011831540,0.9993439082,0.9877919828,0.9884404905
2455153.9572744668,0.0011963159,0.9993423991,0.9877907351,0.9884407346
2455153.9573107492,0.0012094779,0.9993408901,0.9877894902,0.9884409814
2455153.9573470312,0.0012226398,0.9993393811,0.9877882480,0.9884412310
2455153.9573833137,0.0012358018,0.9993378721,0.9877870085,0.9884414832
2455153.9574195957,0.0012489637,0.9993363631,0.9877857718,0.9884417382
2455153.9574558781,0.0012621257,0.9993348541,0.9877845378,0.9884419960
2455153.9574921601,0.0012752876,0.9993333450,0.9877833065,0.9884422565
2455153.9575284426,0.0012884496,0.9993318360,0.9877820780,0.9884425197
2455153.9575647246,0.0013016115,0.9993303270,0.9877808522,0.9884427856
2455153.9576010071,0.0013147735,0.9993288180,0.9877796291,0.9884430543
2455153.9576372891,0.0013279354,0.9993273090,0.9877784088,0.9884433258
2455153.9576735715,0.0013410974,0.9993258000,0.9877771912,0.9884436000
2455153.9577098535,0.0013542593,0.9993242910,0.9877759764,0.9884438769
2455153.9577461360,0.0013674213,0.9993227819,0.9877747643,0.9884441566
2455153.9577824180,0.0013805832,0.9993212729,0.9877735550,0.9884444390
2455153.9578187005,0.0013937452,0.9993197639,0.9877723484,0.9884447241
2455153.9578549825,0.0014069071,0.9993182549,0.9877711445,0.9884450121
2455153.9578912649,0.0014200691,0.9993167459,0.9877699434,0.9884453027
2455153.9579275469,0.0014332310,0.9993152369,0.9877687450,0.9884455961
2455153.9579638294,0.0014463930,0.9993137278,0.9877675494,0.9884458923
2455153.9580001114,0.0014595549,0.9993122188,0.9877663565,0.9884461912
2455153.9580363939,0.0014727169,0.9993107098,0.9877651664,0.9884464929
2455153.9580726759,0.0014858788,0.9993092008,0.9877639791,0.9884467973
2455153.9581089583,0.0014990408,0.9993076918,0.9877627945,0.9884471045
2455153.9581452403,0.0015122027,0.9993061828,0.9877616126,0.9884474145
2455153.9581815228,0.0015253647,0.9993046737,0.9877604335,0.9884477272
2455153.9582178048,0.0015385266,0.9993031647,0.9877592572,0.9884480427
2455153.9582540873,0.0015516886,0.9993016557,0.9877580836,0.9884483609
2455153.9582903692,0.0015648505,0.9993001467,0.9877569128,0.9884486819
2455153.9583266517,0.0015780125,0.9992986377,0.9877557448,0.9884490057
2455153.9583629337,0.0015911744,0.9992971287,0.9877545795,0.9884493322
2455153.9583992162,0.0016043364,0.9992956196,0.9877534170,0.9884496615
2455153.9584354982,0.0016174983,0.9992941106,0.9877522573,0.9884499936
2455153.9584717802,0.0016306601,0.9992926016,0.9877511003,0.9884503284
2455153.9585080626,0.0016438222,0.9992910926,0.9877499461,0.9884506661
2455153.9585443446,0.0016569840,0.9992895836,0.9877487946,0.9884510064
2455153.9585806271,0.0016701461,0.9992880746,0.9877476460,0.9884513496
2455153.9586169091,0.0016833079,0.9992865656,0.9877465001,0.9884516956
2455153.9586531916,0.0016964700,0.9992850565,0.9877453570,0.9884520443
2455153.9586894736,0.0017096319,0.9992835475,0.9877442166,0.9884523958
2455153.9587257560,0.0017227939,0.9992820385,0.9877430791,0.9884527501
2455153.9587620380,0.0017359558,0.9992805295,0.9877419443,0.9884531072
2455153.9587983205,0.0017491178,0.9992790205,0.9877408123,0.9884534670
2455153.9588346025,0.0017622797,0.9992775115,0.9877396831,0.9884538296
2455153.9588708850,0.0017754417,0.9992760024,0.9877385567,0.9884541951
2455153.9589071670,0.0017886036,0.9992744934,0.9877374330,0.9884545633
2455153.9589434494,0.0018017656,0.9992729844,0.9877363122,0.9884549343
2455153.9589797314,0.0018149275,0.9992714754,0.9877351941,0.9884553081
2455153.9590160139,0.0018280895,0.9992699664,0.9877340788,0.9884556847
2455153.9590522959,0.0018412514,0.9992684574,0.9877329664,0.9884560641
2455153.9590885784,0.0018544134,0.9992669483,0.9877318567,0.9884564463
2455153.9591248604,0.0018675753,0.9992654393,0.9877307498,0.9884568313
2455153.9591611428,0.0018807373,0.9992639303,0.9877296457,0.9884572191
2455153.9591974248,0.0018938992,0.9992624213,0.9877285444,0.9884576097
2455153.9592337073,0.0019070612,0.9992609123,0.9877274459,0.9884580031
2455153.9592699893,0.0019202231,0.9992594033,0.9877263502,0.9884583993
2455153.9593062717,0.0019333851,0.9992578942,0.9877252574,0.9884587983
2455153.9593425537,0.0019465470,0.9992563852,0.9877241673,0.9884592001
2455153.9593788362,0.0019597090,0.9992548762,0.9877230800,0.9884596048
2455153.9594151182,0.0019728709,0.9992533672,0.9877219956,0.9884600122
2455153.9594514007,0.0019860329,0.9992518582,0.9877209139,0.9884604225
2455153.9594876827,0.0019991948,0.9992503492,0.9877198351,0.9884608356
2455153.9595239651,0.0020123568,0.9992488402,0.9877187591,0.9884612515
2455153.9595602471,0.0020255187,0.9992473311,0.9877176859,0.9884616702
2455153.9595965296,0.0020386807,0.9992458221,0.9877166155,0.9884620918
2455153.9596328116,0.0020518426,0.9992443131,0.9877155480,0.9884625161
2455153.9596690941,0.0020650046,0.9992428041,0.9877144832,0.9884629433
2455153.9597053761,0.0020781665,0.9992412951,0.9877134213,0.9884633733
2455153.9597416585,0.0020913285,0.9992397861,0.9877123622,0.9884638062
2455153.9597779405,0.0021044904,0.9992382770,0.9877113060,0.9884642419
2455153.9598142230,0.0021176524,0.9992367680,0.9877102525,0.9884646804
2455153.9598505050,0.0021308143,0.9992352590,0.9877092020,0.9884651217
2455153.9598867875,0.0021439763,0.9992337500,0.9877081542,0.9884655659
2455153.9599230695,0.0021571382,0.9992322410,0.9877071093,0.9884660130
2455153.9599593519,0.0021703002,0.9992307320,0.9877060672,0.9884664628
2455153.9599956339,0.0021834621,0.9992292230,0.9877050280,0.9884669156
2455153.9600319164,0.0021966241,0.9992277139,0.9877039915,0.9884673711
2455153.9600681984,0.0022097860,0.9992262049,0.9877029580,0.9884678295
2455153.9601044809,0.0022229480,0.9992246959,0.9877019273,0.9884682908
2455153.9601407629,0.0022361099,0.9992231869,0.9877008994,0.9884687549
2455153.9601770453,0.0022492719,0.9992216779,0.9876998744,0.9884692219
2455153.9602133273,0.0022624338,0.9992201689,0.9876988522,0.9884696917
2455153.9602496098,0.0022755958,0.9992186598,0.9876978329,0.9884701644
2455153.9602858918,0.0022887577,0.9992171508,0.9876968165,0.9884706399
2455153.9603221738,0.0023019195,0.9992156418,0.9876958029,0.9884711183
2455153.9603584562,0.0023150816,0.9992141328,0.9876947922,0.9884715996
2455153.9603947382,0.0023282434,0.9992126238,0.9876937843,0.9884720837
2455153.9604310207,0.0023414055,0.9992111148,0.9876927793,0.9884725707
2455153.9604673027,0.0023545673,0.9992096058,0.9876917771,0.9884730606
2455153.9605035852,0.0023677294,0.9992080967,0.9876907779,0.9884735533
2455153.9605398672,0.0023808912,0.9992065877,0.9876897815,0.9884740489
2455153.9605761496,0.0023940533,0.9992050787,0.9876887879,0.9884745474
2455153.9606124316,0.0024072151,0.9992035697,0.9876877973,0.9884750488
2455153.9606487141,0.0024203772,0.9992020607,0.9876868095,0.9884755530
2455153.9606849961,0.0024335390,0.9992005517,0.9876858246,0.9884760602
2455153.9607212786,0.0024467011,0.9991990426,0.9876848426,0.9884765702
2455153.9607575606,0.0024598629,0.9991975336,0.9876838635,0.9884770831
2455153.9607938430,0.0024730250,0.9991960246,0.9876828873,0.9884775989
2455153.9608301250,0.0024861868,0.9991945156,0.9876819139,0.9884781176
2455153.9608664075,0.0024993489,0.9991930066,0.9876809435,0.9884786392
2455153.9609026895,0.0025125107,0.9991914976,0.9876799759,0.9884791637
2455153.9609389720,0.0025256728,0.9991899885,0.9876790112,0.9884796911
2455153.9609752540,0.0025388346,0.9991884795,0.9876780495,0.9884802214
2455153.9610115364,0.0025519967,0.9991869705,0.9876770906,0.9884807546
2455153.9610478184,0.0025651585,0.9991854615,0.9876761346,0.9884812907
2455153.9610841009,0.0025783206,0.9991839525,0.9876751816,0.9884818297
2455153.9611203829,0.0025914824,0.9991824435,0.9876742314,0.9884823716
2455153.9611566653,0.0026046445,0.9991809344,0.9876732842,0.9884829165
2455153.9611929473,0.0026178063,0.9991794254,0.9876723399,0.9884834642
2455153.9612292298,0.0026309684,0.9991779164,0.9876713984,0.9884840149
2455153.9612655118,0.0026441302,0.9991764074,0.9876704600,0.9884845685
2455153.9613017943,0.0026572923,0.9991748984,0.9876695244,0.9884851251
2455153.9613380763,0.0026704541,0.9991733894,0.9876685917,0.9884856845
2455153.9613743587,0.0026836162,0.9991718803,0.9876676620,0.9884862469
2455153.9614106407,0.0026967780,0.9991703713,0.9876667352,0.9884868122
2455153.9614469232,0.0027099401,0.9991688623,0.9876658113,0.9884873805
2455153.9614832052,0.0027231019,0.9991673533,0.9876648904,0.9884879516
2455153.9615194877,0.0027362640,0.9991658443,0.9876639724,0.9884885258
2455153.9615557697,0.0027494258,0.9991643353,0.9876630574,0.9884891028
2455153.9615920521,0.0027625879,0.9991628262,0.9876621452,0.9884896829
2455153.9616283341,0.0027757497,0.9991613172,0.9876612361,0.9884902658
2455153.9616646166,0.0027889118,0.9991598082,0.9876603298,0.9884908517
2455153.9617008986,0.0028020736,0.9991582992,0.9876594266,0.9884914406
2455153.9617371811,0.0028152357,0.9991567902,0.9876585262,0.9884920324
2455153.9617734631,0.0028283975,0.9991552812,0.9876576289,0.9884926272
2455153.9618097455,0.0028415596,0.9991537722,0.9876567344,0.9884932249
2455153.9618460275,0.0028547214,0.9991522631,0.9876558430,0.9884938256
2455153.9618823100,0.0028678835,0.9991507541,0.9876549545,0.9884944293
2455153.9619185920,0.0028810453,0.9991492451,0.9876540690,0.9884950359
2455153.9619548745,0.0028942074,0.9991477361,0.9876531864,0.9884956456
2455153.9619911565,0.0029073692,0.9991462271,0.9876523068,0.9884962581
2455153.9620274389,0.0029205313,0.9991447181,0.9876514302,0.9884968737
2455153.9620637209,0.0029336931,0.9991432090,0.9876505566,0.9884974923
2455153.9621000034,0.0029468552,0.9991417000,0.9876496859,0.9884981138
2455153.9621362854,0.0029600170,0.9991401910,0.9876488182,0.9884987383
2455153.9621725674,0.0029731789,0.9991386820,0.9876479535,0.9884993658
2455153.9622088498,0.0029863409,0.9991371730,0.9876470918,0.9884999963
2455153.9622451318,0.0029995028,0.9991356640,0.9876462331,0.9885006298
2455153.9622814143,0.0030126648,0.9991341550,0.9876453774,0.9885012663
2455153.9623176963,0.0030258267,0.9991326459,0.9876445247,0.9885019058
2455153.9623539788,0.0030389887,0.9991311369,0.9876436749,0.9885025483
2455153.9623902608,0.0030521506,0.9991296279,0.9876428282,0.9885031938
2455153.9624265432,0.0030653126,0.9991281189,0.9876419845,0.9885038423
2455153.9624628252,0.0030784745,0.9991266099,0.9876411438,0.9885044938
2455153.9624991077,0.0030916365,0.9991251009,0.9876403061,0.9885051484
2455153.9625353897,0.0031047984,0.9991235919,0.9876394714,0.9885058059
2455153.9625716722,0.0031179604,0.9991220828,0.9876386397,0.9885064665
2455153.9626079542,0.0031311223,0.9991205738,0.9876378111,0.9885071301
2455153.9626442366,0.0031442843,0.9991190648,0.9876369855,0.9885077968
2455153.9626805186,0.0031574462,0.9991175558,0.9876361629,0.9885084664
2455153.9627168011,0.0031706082,0.9991160468,0.9876353433,0.9885091392
2455153.9627530831,0.0031837701,0.9991145378,0.9876345268,0.9885098149
2455153.9627893656,0.0031969321,0.9991130287,0.9876337133,0.9885104937
2455153.9628256476,0.0032100940,0.9991115197,0.9876329028,0.9885111755
2455153.9628619300,0.0032232560,0.9991100107,0.9876320954,0.9885118604
2455153.9628982120,0.0032364179,0.9991085017,0.9876312910,0.9885125483
2455153.9629344945,0.0032495799,0.9991069927,0.9876304897,0.9885132393
2455153.9629707765,0.0032627418,0.9991054837,0.9876296914,0.9885139333
2455153.9630070589,0.0032759038,0.9991039746,0.9876288962,0.9885146304
2455153.9630433409,0.0032890657,0.9991024656,0.9876281041,0.9885153306
2455153.9630796234,0.0033022277,0.9991009566,0.9876273150,0.9885160338
2455153.9631159054,0.0033153896,0.9990994476,0.9876265290,0.9885167401
2455153.9631521879,0.0033285516,0.9990979386,0.9876257460,0.9885174495
2455153.9631884699,0.0033417135,0.9990964296,0.9876249661,0.9885181619
2455153.9632247523,0.0033548755,0.9990949205,0.9876241893,0.9885188774
2455153.9632610343,0.0033680374,0.9990934115,0.9876234156,0.9885195961
2455153.9632973168,0.0033811994,0.9990919025,0.9876226449,0.9885203178
2455153.9633335988,0.0033943613,0.9990903935,0.9876218774,0.9885210425
2455153.9633698813,0.0034075233,0.9990888845,0.9876211129,0.9885217704
2455153.9634061633,0.0034206852,0.9990873755,0.9876203515,0.9885225014
2455153.9634424457,0.0034338472,0.9990858664,0.9876195932,0.9885232355
2455153.9634787277,0.0034470091,0.9990843574,0.9876188381,0.9885239727
2455153.9635150102,0.0034601711,0.9990828484,0.9876180860,0.9885247130
2455153.9635512922,0.0034733330,0.9990813394,0.9876173370,0.9885254564
2455153.9635875747,0.0034864950,0.9990798304,0.9876165911,0.9885262029
2455153.9636238567,0.0034996569,0.9990783214,0.9876158484,0.9885269525
2455153.9636601391,0.0035128189,0.9990768123,0.9876151087,0.9885277053
2455153.9636964211,0.0035259808,0.9990753033,0.9876143722,0.9885284612
2455153.9637327036,0.0035391428,0.9990737943,0.9876136388,0.9885292202
2455153.9637689856,0.0035523047,0.9990722853,0.9876129086,0.9885299824
2455153.9638052681,0.0035654667,0.9990707763,0.9876121814,0.9885307477
2455153.9638415501,0.0035786286,0.9990692673,0.9876114575,0.9885315161
2455153.9638778325,0.0035917907,0.9990677582,0.9876107366,0.9885322877
2455153.9639141145,0.0036049525,0.9990662492,0.9876100189,0.9885330624
2455153.9639503965,0.0036181144,0.9990647402,0.9876093043,0.9885338403
2455153.9639866790,0.0036312764,0.9990632312,0.9876085929,0.9885346213
2455153.9640229610,0.0036444383,0.9990617222,0.9876078846,0.9885354055
2455153.9640592434,0.0036576003,0.9990602132,0.9876071795,0.9885361928
2455153.9640955254,0.0036707622,0.9990587042,0.9876064776,0.9885369833
2455153.9641318079,0.0036839242,0.9990571951,0.9876057788,0.9885377770
2455153.9641680899,0.0036970861,0.9990556861,0.9876050832,0.9885385739
2455153.9642043724,0.0037102481,0.9990541771,0.9876043908,0.9885393739
2455153.9642406544,0.0037234100,0.9990526681,0.9876037015,0.9885401772
2455153.9642769368,0.0037365720,0.9990511591,0.9876030155,0.9885409836
2455153.9643132188,0.0037497339,0.9990496501,0.9876023326,0.9885417932
2455153.9643495013,0.0037628959,0.9990481411,0.9876016529,0.9885426060
2455153.9643857833,0.0037760578,0.9990466320,0.9876009764,0.9885434220
2455153.9644220658,0.0037892198,0.9990451230,0.9876003030,0.9885442412
2455153.9644583478,0.0038023817,0.9990436140,0.9875996329,0.9885450636
2455153.9644946302,0.0038155437,0.9990421050,0.9875989660,0.9885458892
2455153.9645309122,0.0038287056,0.9990405960,0.9875983023,0.9885467180
2455153.9645671947,0.0038418676,0.9990390870,0.9875976419,0.9885475501
2455153.9646034767,0.0038550295,0.9990375779,0.9875969846,0.9885483854
2455153.9646397592,0.0038681915,0.9990360689,0.9875963306,0.9885492239
2455153.9646760412,0.0038813534,0.9990345599,0.9875956797,0.9885500656
2455153.9647123236,0.0038945154,0.9990330509,0.9875950321,0.9885509106
2455153.9647486056,0.0039076773,0.9990315419,0.9875943878,0.9885517588
2455153.9647848881,0.0039208393,0.9990300329,0.9875937467,0.9885526102
2455153.9648211701,0.0039340012,0.9990285239,0.9875931088,0.9885534649
2455153.9648574525,0.0039471632,0.9990270148,0.9875924742,0.9885543229
2455153.9648937345,0.0039603251,0.9990255058,0.9875918428,0.9885551841
2455153.9649300170,0.0039734871,0.9990239968,0.9875912147,0.9885560486
2455153.9649662990,0.0039866490,0.9990224878,0.9875905898,0.9885569163
2455153.9650025815,0.0039998110,0.9990209788,0.9875899682,0.9885577873
2455153.9650388635,0.0040129729,0.9990194698,0.9875893499,0.9885586616
2455153.9650751459,0.0040261349,0.9990179607,0.9875887348,0.9885595391
2455153.9651114279,0.0040392968,0.9990164517,0.9875881231,0.9885604200
2455153.9651477104,0.0040524588,0.9990149427,0.9875875146,0.9885613041
2455153.9651839924,0.0040656207,0.9990134337,0.9875869094,0.9885621915
2455153.9652202749,0.0040787827,0.9990119247,0.9875863074,0.9885630822
2455153.9652565569,0.0040919446,0.9990104157,0.9875857088,0.9885639762
2455153.9652928393,0.0041051066,0.9990089066,0.9875851135,0.9885648736
2455153.9653291213,0.0041182685,0.9990073976,0.9875845215,0.9885657742
2455153.9653654038,0.0041314305,0.9990058886,0.9875839327,0.9885666781
2455153.9654016858,0.0041445924,0.9990043796,0.9875833473,0.9885675854
2455153.9654379683,0.0041577544,0.9990028706,0.9875827653,0.9885684960
2455153.9654742503,0.0041709163,0.9990013616,0.9875821865,0.9885694099
2455153.9655105327,0.0041840783,0.9989998525,0.9875816111,0.9885703272
2455153.9655468147,0.0041972402,0.9989983435,0.9875810390,0.9885712477
2455153.9655830972,0.0042104022,0.9989968345,0.9875804702,0.9885721717
2455153.9656193792,0.0042235641,0.9989953255,0.9875799048,0.9885730990
2455153.9656556617,0.0042367261,0.9989938165,0.9875793427,0.9885740296
2455153.9656919437,0.0042498880,0.9989923075,0.9875787840,0.9885749636
2455153.9657282261,0.0042630500,0.9989907984,0.9875782286,0.9885759009
2455153.9657645081,0.0042762119,0.9989892894,0.9875776766,0.9885768416
2455153.9658007901,0.0042893738,0.9989877804,0.9875771279,0.9885777857
2455153.9658370726,0.0043025358,0.9989862714,0.9875765826,0.9885787332
2455153.9658733546,0.0043156977,0.9989847624,0.9875760407,0.9885796840
2455153.9659096370,0.0043288597,0.9989832534,0.9875755022,0.9885806382
2455153.9659459190,0.0043420216,0.9989817444,0.9875749671,0.9885815959
2455153.9659822015,0.0043551836,0.9989802353,0.9875744353,0.9885825569
2455153.9660184835,0.0043683455,0.9989787263,0.9875739070,0.9885835213
2455153.9660547660,0.0043815075,0.9989772173,0.9875733820,0.9885844891
2455153.9660910480,0.0043946694,0.9989757083,0.9875728605,0.9885854603
2455153.9661273304,0.0044078314,0.9989741993,0.9875723423,0.9885864350
2455153.9661636124,0.0044209933,0.9989726903,0.9875718276,0.9885874131
2455153.9661998949,0.0044341553,0.9989711812,0.9875713163,0.9885883946
2455153.9662361769,0.0044473172,0.9989696722,0.9875708084,0.9885893795
2455153.9662724594,0.0044604792,0.9989681632,0.9875703040,0.9885903679
2455153.9663087414,0.0044736411,0.9989666542,0.9875698029,0.9885913597
2455153.9663450238,0.0044868031,0.9989651452,0.9875693054,0.9885923549
2455153.9663813058,0.0044999650,0.9989636362,0.9875688112,0.9885933536
2455153.9664175883,0.0045131270,0.9989621271,0.9875683206,0.9885943558
2455153.9664538703,0.0045262889,0.9989606181,0.9875678333,0.9885953614
2455153.9664901528,0.0045394509,0.9989591091,0.9875673496,0.9885963705
2455153.9665264348,0.0045526128,0.9989576001,0.9875668693,0.9885973831
2455153.9665627172,0.0045657748,0.9989560911,0.9875663925,0.9885983991
2455153.9665989992,0.0045789367,0.9989545821,0.9875659191,0.9885994187
2455153.9666352817,0.0045920987,0.9989530731,0.9875654493,0.9886004417
2455153.9666715637,0.0046052606,0.9989515640,0.9875649829,0.9886014682
2455153.9667078461,0.0046184226,0.9989500550,0.9875645200,0.9886024983
2455153.9667441281,0.0046315845,0.9989485460,0.9875640606,0.9886035318
2455153.9667804106,0.0046447465,0.9989470370,0.9875636048,0.9886045688
2455153.9668166926,0.0046579084,0.9989455280,0.9875631524,0.9886056094
2455153.9668529751,0.0046710704,0.9989440190,0.9875627036,0.9886066535
2455153.9668892571,0.0046842323,0.9989425099,0.9875622583,0.9886077011
2455153.9669255395,0.0046973943,0.9989410009,0.9875618165,0.9886087522
2455153.9669618215,0.0047105562,0.9989394919,0.9875613782,0.9886098069
2455153.9669981040,0.0047237182,0.9989379829,0.9875609435,0.9886108651
2455153.9670343860,0.0047368801,0.9989364739,0.9875605123,0.9886119269
2455153.9670706685,0.0047500421,0.9989349649,0.9875600847,0.9886129923
2455153.9671069505,0.0047632040,0.9989334559,0.9875596606,0.9886140612
2455153.9671432329,0.0047763660,0.9989319468,0.9875592401,0.9886151336
2455153.9671795149,0.0047895279,0.9989304378,0.9875588232,0.9886162097
2455153.9672157974,0.0048026899,0.9989289288,0.9875584098,0.9886172893
2455153.9672520794,0.0048158518,0.9989274198,0.9875580000,0.9886183725
2455153.9672883619,0.0048290138,0.9989259108,0.9875575938,0.9886194594
2455153.9673246439,0.0048421757,0.9989244018,0.9875571912,0.9886205498
2455153.9673609263,0.0048553377,0.9989228927,0.9875567922,0.9886216438
2455153.9673972083,0.0048684996,0.9989213837,0.9875563968,0.9886227414
2455153.9674334908,0.0048816616,0.9989198747,0.9875560050,0.9886238427
2455153.9674697728,0.0048948235,0.9989183657,0.9875556169,0.9886249475
2455153.9675060553,0.0049079855,0.9989168567,0.9875552323,0.9886260560
2455153.9675423373,0.0049211474,0.9989153477,0.9875548514,0.9886271681
2455153.9675786197,0.0049343094,0.9989138386,0.9875544741,0.9886282839
2455153.9676149017,0.0049474713,0.9989123296,0.9875541004,0.9886294033
2455153.9676511837,0.0049606331,0.9989108206,0.9875537304,0.9886305264
2455153.9676874662,0.0049737952,0.9989093116,0.9875533641,0.9886316532
2455153.9677237482,0.0049869570,0.9989078026,0.9875530014,0.9886327836
2455153.9677600306,0.0050001191,0.9989062936,0.9875526424,0.9886339176
2455153.9677963126,0.0050132809,0.9989047846,0.9875522870,0.9886350554
2455153.9678325951,0.0050264430,0.9989032755,0.9875519353,0.9886361968
2455153.9678688771,0.0050396048,0.9989017665,0.9875515874,0.9886373420
2455153.9679051596,0.0050527669,0.9989002575,0.9875512431,0.9886384908
2455153.9679414416,0.0050659287,0.9988987485,0.9875509025,0.9886396434
2455153.9679777240,0.0050790908,0.9988972395,0.9875505656,0.9886407996
2455153.9680140060,0.0050922526,0.9988957305,0.9875502324,0.9886419596
2455153.9680502885,0.0051054147,0.9988942214,0.9875499029,0.9886431233
2455153.9680865705,0.0051185765,0.9988927124,0.9875495772,0.9886442907
2455153.9681228530,0.0051317386,0.9988912034,0.9875492552,0.9886454619
2455153.9681591350,0.0051449004,0.9988896944,0.9875489369,0.9886466368
2455153.9681954174,0.0051580625,0.9988881854,0.9875486224,0.9886478155
2455153.9682316994,0.0051712243,0.9988866764,0.9875483116,0.9886489979
2455153.9682679819,0.0051843864,0.9988851673,0.9875480046,0.9886501841
2455153.9683042639,0.0051975482,0.9988836583,0.9875477013,0.9886513741
2455153.9683405464,0.0052107103,0.9988821493,0.9875474019,0.9886525678
2455153.9683768284,0.0052238721,0.9988806403,0.9875471062,0.9886537653
2455153.9684131108,0.0052370342,0.9988791313,0.9875468142,0.9886549667
2455153.9684493928,0.0052501960,0.9988776223,0.9875465261,0.9886561718
2455153.9684856753,0.0052633581,0.9988761132,0.9875462418,0.9886573807
2455153.9685219573,0.0052765199,0.9988746042,0.9875459613,0.9886585935
2455153.9685582398,0.0052896820,0.9988730952,0.9875456846,0.9886598101
2455153.9685945217,0.0053028438,0.9988715862,0.9875454117,0.9886610305
2455153.9686308042,0.0053160059,0.9988700772,0.9875451427,0.9886622547
2455153.9686670862,0.0053291677,0.9988685682,0.9875448774,0.9886634828
2455153.9687033687,0.0053423298,0.9988670591,0.9875446161,0.9886647147
2455153.9687396507,0.0053554916,0.9988655501,0.9875443586,0.9886659505
2455153.9687759331,0.0053686537,0.9988640411,0.9875441049,0.9886671902
2455153.9688122151,0.0053818155,0.9988625321,0.9875438551,0.9886684337
2455153.9688484976,0.0053949776,0.9988610231,0.9875436092,0.9886696811
2455153.9688847796,0.0054081394,0.9988595141,0.9875433671,0.9886709324
2455153.9689210621,0.0054213015,0.9988580051,0.9875431289,0.9886721876
2455153.9689573441,0.0054344633,0.9988564960,0.9875428947,0.9886734467
2455153.9689936265,0.0054476254,0.9988549870,0.9875426643,0.9886747097
2455153.9690299085,0.0054607872,0.9988534780,0.9875424379,0.9886759766
2455153.9690661910,0.0054739493,0.9988519690,0.9875422153,0.9886772475
2455153.9691024730,0.0054871111,0.9988504600,0.9875419967,0.9886785222
2455153.9691387555,0.0055002732,0.9988489510,0.9875417820,0.9886798010
2455153.9691750375,0.0055134350,0.9988474419,0.9875415713,0.9886810836
2455153.9692113199,0.0055265971,0.9988459329,0.9875413645,0.9886823703
2455153.9692476019,0.0055397589,0.9988444239,0.9875411617,0.9886836609
2455153.9692838844,0.0055529210,0.9988429149,0.9875409628,0.9886849554
2455153.9693201664,0.0055660828,0.9988414059,0.9875407679,0.9886862540
2455153.9693564489,0.0055792449,0.9988398969,0.9875405770,0.9886875565
2455153.9693927309,0.0055924067,0.9988383879,0.9875403900,0.9886888630
2455153.9694290133,0.0056055688,0.9988368788,0.9875402071,0.9886901736
2455153.9694652953,0.0056187306,0.9988353698,0.9875400282,0.9886914881
2455153.9695015773,0.0056318925,0.9988338608,0.9875398532,0.9886928067
2455153.9695378598,0.0056450545,0.9988323518,0.9875396823,0.9886941293
2455153.9695741418,0.0056582164,0.9988308428,0.9875395155,0.9886954559
2455153.9696104242,0.0056713785,0.9988293338,0.9875393526,0.9886967866
2455153.9696467062,0.0056845403,0.9988278247,0.9875391938,0.9886981213
2455153.9696829887,0.0056977024,0.9988263157,0.9875390391,0.9886994601
2455153.9697192707,0.0057108642,0.9988248067,0.9875388884,0.9887008030
2455153.9697555532,0.0057240263,0.9988232977,0.9875387418,0.9887021499
2455153.9697918352,0.0057371881,0.9988217887,0.9875385993,0.9887035009
2455153.9698281176,0.0057503502,0.9988202797,0.9875384608,0.9887048561
2455153.9698643996,0.0057635120,0.9988187707,0.9875383265,0.9887062153
2455153.9699006821,0.0057766741,0.9988172616,0.9875381962,0.9887075786
2455153.9699369641,0.0057898359,0.9988157526,0.9875380701,0.9887089461
2455153.9699732466,0.0058029980,0.9988142436,0.9875379481,0.9887103177
2455153.9700095286,0.0058161598,0.9988127346,0.9875378302,0.9887116934
2455153.9700458110,0.0058293219,0.9988112256,0.9875377165,0.9887130733
2455153.9700820930,0.0058424837,0.9988097166,0.9875376069,0.9887144573
2455153.9701183755,0.0058556458,0.9988082075,0.9875375015,0.9887158456
2455153.9701546575,0.0058688076,0.9988066985,0.9875374002,0.9887172379
2455153.9701909400,0.0058819697,0.9988051895,0.9875373031,0.9887186345
2455153.9702272220,0.0058951315,0.9988036805,0.9875372102,0.9887200352
2455153.9702635044,0.0059082936,0.9988021715,0.9875371215,0.9887214402
2455153.9702997864,0.0059214554,0.9988006625,0.9875370369,0.9887228494
2455153.9703360689,0.0059346175,0.9987991534,0.9875369566,0.9887242628
2455153.9703723509,0.0059477793,0.9987976444,0.9875368805,0.9887256804
2455153.9704086334,0.0059609414,0.9987961354,0.9875368087,0.9887271022
2455153.9704449154,0.0059741032,0.9987946264,0.9875367411,0.9887285283
2455153.9704811978,0.0059872653,0.9987931174,0.9875366777,0.9887299587
2455153.9705174798,0.0060004271,0.9987916084,0.9875366186,0.9887313933
2455153.9705537623,0.0060135892,0.9987900993,0.9875365637,0.9887328322
2455153.9705900443,0.0060267510,0.9987885903,0.9875365132,0.9887342754
2455153.9706263267,0.0060399131,0.9987870813,0.9875364669,0.9887357229
2455153.9706626087,0.0060530749,0.9987855723,0.9875364249,0.9887371747
2455153.9706988912,0.0060662370,0.9987840633,0.9875363872,0.9887386308
2455153.9707351732,0.0060793988,0.9987825543,0.9875363538,0.9887400912
2455153.9707714557,0.0060925609,0.9987810452,0.9875363248,0.9887415560
2455153.9708077377,0.0061057227,0.9987795362,0.9875363001,0.9887430251
2455153.9708440201,0.0061188848,0.9987780272,0.9875362797,0.9887444986
2455153.9708803021,0.0061320466,0.9987765182,0.9875362637,0.9887459764
2455153.9709165846,0.0061452087,0.9987750092,0.9875362521,0.9887474586
2455153.9709528666,0.0061583705,0.9987735002,0.9875362448,0.9887489452
2455153.9709891491,0.0061715326,0.9987719911,0.9875362419,0.9887504362
2455153.9710254311,0.0061846944,0.9987704821,0.9875362434,0.9887519316
2455153.9710617135,0.0061978565,0.9987689731,0.9875362494,0.9887534314
2455153.9710979955,0.0062110183,0.9987674641,0.9875362597,0.9887549356
2455153.9711342780,0.0062241804,0.9987659551,0.9875362744,0.9887564443
2455153.9711705600,0.0062373422,0.9987644461,0.9875362936,0.9887579574
2455153.9712068425,0.0062505043,0.9987629371,0.9875363173,0.9887594750
2455153.9712431245,0.0062636661,0.9987614280,0.9875363454,0.9887609970
2455153.9712794069,0.0062768282,0.9987599190,0.9875363779,0.9887625235
2455153.9713156889,0.0062899900,0.9987584100,0.9875364150,0.9887640545
2455153.9713519709,0.0063031519,0.9987569010,0.9875364565,0.9887655900
2455153.9713882534,0.0063163139,0.9987553920,0.9875365026,0.9887671301
2455153.9714245354,0.0063294758,0.9987538830,0.9875365531,0.9887686746
2455153.9714608178,0.0063426378,0.9987523739,0.9875366082,0.9887702237
2455153.9714970998,0.0063557997,0.9987508649,0.9875366678,0.9887717773
2455153.9715333823,0.0063689617,0.9987493559,0.9875367319,0.9887733354
2455153.9715696643,0.0063821236,0.9987478469,0.9875368006,0.9887748982
2455153.9716059468,0.0063952856,0.9987463379,0.9875368739,0.9887764655
2455153.9716422288,0.0064084475,0.9987448289,0.9875369517,0.9887780374
2455153.9716785112,0.0064216095,0.9987433199,0.9875370342,0.9887796139
2455153.9717147932,0.0064347714,0.9987418108,0.9875371212,0.9887811950
2455153.9717510757,0.0064479334,0.9987403018,0.9875372128,0.9887827807
2455153.9717873577,0.0064610953,0.9987387928,0.9875373091,0.9887843711
2455153.9718236402,0.0064742573,0.9987372838,0.9875374100,0.9887859661
2455153.9718599222,0.0064874192,0.9987357748,0.9875375156,0.9887875657
2455153.9718962046,0.0065005812,0.9987342658,0.9875376258,0.9887891701
2455153.9719324866,0.0065137431,0.9987327567,0.9875377406,0.9887907791
2455153.9719687691,0.0065269051,0.9987312477,0.9875378602,0.9887923928
2455153.9720050511,0.0065400670,0.9987297387,0.9875379844,0.9887940112
2455153.9720413336,0.0065532290,0.9987282297,0.9875381134,0.9887956343
2455153.9720776156,0.0065663909,0.9987267207,0.9875382471,0.9887972622
2455153.9721138980,0.0065795529,0.9987252117,0.9875383855,0.9887988948
2455153.9721501800,0.0065927148,0.9987237027,0.9875385286,0.9888005321
2455153.9721864625,0.0066058768,0.9987221936,0.9875386765,0.9888021742
2455153.9722227445,0.0066190387,0.9987206846,0.9875388292,0.9888038211
2455153.9722590270,0.0066322007,0.9987191756,0.9875389866,0.9888054728
2455153.9722953090,0.0066453626,0.9987176666,0.9875391488,0.9888071293
2455153.9723315914,0.0066585246,0.9987161576,0.9875393159,0.9888087906
2455153.9723678734,0.0066716865,0.9987146486,0.9875394877,0.9888104567
2455153.9724041559,0.0066848485,0.9987131395,0.9875396644,0.9888121277
2455153.9724404379,0.0066980104,0.9987116305,0.9875398459,0.9888138035
2455153.9724767203,0.0067111724,0.9987101215,0.9875400323,0.9888154842
2455153.9725130023,0.0067243343,0.9987086125,0.9875402236,0.9888171697
2455153.9725492848,0.0067374963,0.9987071035,0.9875404197,0.9888188602
2455153.9725855668,0.0067506582,0.9987055945,0.9875406207,0.9888205555
2455153.9726218493,0.0067638202,0.9987040854,0.9875408266,0.9888222558
2455153.9726581313,0.0067769821,0.9987025764,0.9875410375,0.9888239610
2455153.9726944137,0.0067901441,0.9987010674,0.9875412533,0.9888256712
2455153.9727306957,0.0068033060,0.9986995584,0.9875414740,0.9888273863
2455153.9727669782,0.0068164680,0.9986980494,0.9875416997,0.9888291064
2455153.9728032602,0.0068296299,0.9986965404,0.9875419304,0.9888308314
2455153.9728395427,0.0068427919,0.9986950313,0.9875421660,0.9888325615
2455153.9728758247,0.0068559538,0.9986935223,0.9875424067,0.9888342966
2455153.9729121071,0.0068691158,0.9986920133,0.9875426523,0.9888360367
2455153.9729483891,0.0068822777,0.9986905043,0.9875429030,0.9888377819
2455153.9729846716,0.0068954397,0.9986889953,0.9875431588,0.9888395321
2455153.9730209536,0.0069086016,0.9986874863,0.9875434196,0.9888412874
2455153.9730572361,0.0069217636,0.9986859772,0.9875436855,0.9888430477
2455153.9730935181,0.0069349255,0.9986844682,0.9875439564,0.9888448132
2455153.9731298005,0.0069480875,0.9986829592,0.9875442325,0.9888465838
2455153.9731660825,0.0069612494,0.9986814502,0.9875445137,0.9888483595
2455153.9732023645,0.0069744113,0.9986799412,0.9875448000,0.9888501403
2455153.9732386470,0.0069875733,0.9986784322,0.9875450914,0.9888519263
2455153.9732749290,0.0070007352,0.9986769232,0.9875453880,0.9888537175
2455153.9733112114,0.0070138972,0.9986754141,0.9875456898,0.9888555138
2455153.9733474934,0.0070270591,0.9986739051,0.9875459968,0.9888573154
2455153.9733837759,0.0070402211,0.9986723961,0.9875463090,0.9888591222
2455153.9734200579,0.0070533830,0.9986708871,0.9875466264,0.9888609342
2455153.9734563404,0.0070665450,0.9986693781,0.9875469490,0.9888627514
2455153.9734926224,0.0070797069,0.9986678691,0.9875472769,0.9888645740
2455153.9735289048,0.0070928689,0.9986663600,0.9875476100,0.9888664018
2455153.9735651868,0.0071060308,0.9986648510,0.9875479484,0.9888682348
2455153.9736014693,0.0071191928,0.9986633420,0.9875482922,0.9888700733
2455153.9736377513,0.0071323547,0.9986618330,0.9875486412,0.9888719170
2455153.9736740338,0.0071455167,0.9986603240,0.9875489956,0.9888737661
2455153.9737103158,0.0071586786,0.9986588150,0.9875493553,0.9888756205
2455153.9737465982,0.0071718406,0.9986573059,0.9875497204,0.9888774803
2455153.9737828802,0.0071850025,0.9986557969,0.9875500908,0.9888793455
2455153.9738191627,0.0071981645,0.9986542879,0.9875504667,0.9888812161
2455153.9738554447,0.0072113264,0.9986527789,0.9875508479,0.9888830921
2455153.9738917272,0.0072244884,0.9986512699,0.9875512346,0.9888849735
2455153.9739280092,0.0072376503,0.9986497609,0.9875516267,0.9888868605
2455153.9739642916,0.0072508123,0.9986482519,0.9875520243,0.9888887529
2455153.9740005736,0.0072639742,0.9986467428,0.9875524274,0.9888906507
2455153.9740368561,0.0072771362,0.9986452338,0.9875528359,0.9888925541
2455153.9740731381,0.0072902981,0.9986437248,0.9875532500,0.9888944630
2455153.9741094206,0.0073034601,0.9986422158,0.9875536696,0.9888963775
2455153.9741457026,0.0073166220,0.9986407068,0.9875540947,0.9888982975
2455153.9741819850,0.0073297840,0.9986391978,0.9875545254,0.9889002231
2455153.9742182670,0.0073429459,0.9986376887,0.9875549617,0.9889021543
2455153.9742545495,0.0073561079,0.9986361797,0.9875554036,0.9889040911
2455153.9742908315,0.0073692698,0.9986346707,0.9875558511,0.9889060335
2455153.9743271139,0.0073824318,0.9986331617,0.9875563043,0.9889079816
2455153.9743633959,0.0073955937,0.9986316527,0.9875567631,0.9889099353
2455153.9743996784,0.0074087557,0.9986301437,0.9875572275,0.9889118947
2455153.9744359604,0.0074219176,0.9986286347,0.9875576977,0.9889138599
2455153.9744722429,0.0074350796,0.9986271256,0.9875581735,0.9889158307
2455153.9745085249,0.0074482415,0.9986256166,0.9875586551,0.9889178073
2455153.9745448073,0.0074614035,0.9986241076,0.9875591425,0.9889197897
2455153.9745810893,0.0074745654,0.9986225986,0.9875596356,0.9889217778
2455153.9746173718,0.0074877274,0.9986210896,0.9875601344,0.9889237718
2455153.9746536538,0.0075008893,0.9986195806,0.9875606391,0.9889257715
2455153.9746899363,0.0075140513,0.9986180715,0.9875611496,0.9889277771
2455153.9747262183,0.0075272132,0.9986165625,0.9875616660,0.9889297885
2455153.9747625007,0.0075403752,0.9986150535,0.9875621882,0.9889318059
2455153.9747987827,0.0075535371,0.9986135445,0.9875627163,0.9889338291
2455153.9748350652,0.0075666991,0.9986120355,0.9875632503,0.9889358582
2455153.9748713472,0.0075798610,0.9986105265,0.9875637902,0.9889378933
2455153.9749076297,0.0075930230,0.9986090174,0.9875643361,0.9889399343
2455153.9749439117,0.0076061849,0.9986075084,0.9875648879,0.9889419813
2455153.9749801941,0.0076193469,0.9986059994,0.9875654457,0.9889440343
2455153.9750164761,0.0076325088,0.9986044904,0.9875660096,0.9889460933
2455153.9750527581,0.0076456706,0.9986029814,0.9875665794,0.9889481584
2455153.9750890406,0.0076588327,0.9986014724,0.9875671553,0.9889502295
2455153.9751253226,0.0076719945,0.9985999634,0.9875677373,0.9889523067
2455153.9751616050,0.0076851566,0.9985984543,0.9875683253,0.9889543900
2455153.9751978870,0.0076983184,0.9985969453,0.9875689195,0.9889564795
2455153.9752341695,0.0077114805,0.9985954363,0.9875695198,0.9889585751
2455153.9752704515,0.0077246423,0.9985939273,0.9875701262,0.9889606768
2455153.9753067340,0.0077378044,0.9985924183,0.9875707388,0.9889627848
2455153.9753430160,0.0077509663,0.9985909093,0.9875713577,0.9889648989
2455153.9753792984,0.0077641283,0.9985894002,0.9875719827,0.9889670193
2455153.9754155804,0.0077772902,0.9985878912,0.9875726140,0.9889691460
2455153.9754518629,0.0077904522,0.9985863822,0.9875732516,0.9889712790
2455153.9754881449,0.0078036141,0.9985848732,0.9875738954,0.9889734182
2455153.9755244274,0.0078167761,0.9985833642,0.9875745456,0.9889755638
2455153.9755607094,0.0078299380,0.9985818552,0.9875752021,0.9889777157
2455153.9755969918,0.0078431000,0.9985803461,0.9875758649,0.9889798740
2455153.9756332738,0.0078562619,0.9985788371,0.9875765342,0.9889820387
2455153.9756695563,0.0078694239,0.9985773281,0.9875772099,0.9889842099
2455153.9757058383,0.0078825858,0.9985758191,0.9875778919,0.9889863875
2455153.9757421208,0.0078957478,0.9985743101,0.9875785805,0.9889885715
2455153.9757784028,0.0079089097,0.9985728011,0.9875792755,0.9889907621
2455153.9758146852,0.0079220717,0.9985712920,0.9875799771,0.9889929592
2455153.9758509672,0.0079352336,0.9985697830,0.9875806852,0.9889951628
2455153.9758872497,0.0079483956,0.9985682740,0.9875813998,0.9889973730
2455153.9759235317,0.0079615575,0.9985667650,0.9875821210,0.9889995898
2455153.9759598142,0.0079747195,0.9985652560,0.9875828488,0.9890018133
2455153.9759960962,0.0079878814,0.9985637470,0.9875835833,0.9890040434
2455153.9760323786,0.0080010434,0.9985622379,0.9875843244,0.9890062801
2455153.9760686606,0.0080142053,0.9985607289,0.9875850723,0.9890085236
2455153.9761049431,0.0080273673,0.9985592199,0.9875858268,0.9890107738
2455153.9761412251,0.0080405292,0.9985577109,0.9875865881,0.9890130308
2455153.9761775075,0.0080536912,0.9985562019,0.9875873561,0.9890152945
2455153.9762137895,0.0080668531,0.9985546929,0.9875881310,0.9890175651
2455153.9762500720,0.0080800151,0.9985531839,0.9875889126,0.9890198425
2455153.9762863540,0.0080931770,0.9985516748,0.9875897011,0.9890221268
2455153.9763226365,0.0081063390,0.9985501658,0.9875904966,0.9890244180
2455153.9763589185,0.0081195009,0.9985486568,0.9875912989,0.9890267161
2455153.9763952009,0.0081326629,0.9985471478,0.9875921081,0.9890290211
2455153.9764314829,0.0081458248,0.9985456388,0.9875929243,0.9890313332
2455153.9764677654,0.0081589868,0.9985441298,0.9875937476,0.9890336522
2455153.9765040474,0.0081721487,0.9985426207,0.9875945778,0.9890359783
2455153.9765403299,0.0081853107,0.9985411117,0.9875954151,0.9890383115
2455153.9765766119,0.0081984726,0.9985396027,0.9875962595,0.9890406518
2455153.9766128943,0.0082116346,0.9985380937,0.9875971110,0.9890429992
2455153.9766491763,0.0082247965,0.9985365847,0.9875979697,0.9890453538
2455153.9766854588,0.0082379585,0.9985350757,0.9875988355,0.9890477156
2455153.9767217408,0.0082511204,0.9985335667,0.9875997086,0.9890500846
2455153.9767580233,0.0082642824,0.9985320576,0.9876005889,0.9890524609
2455153.9767943053,0.0082774443,0.9985305486,0.9876014764,0.9890548444
2455153.9768305877,0.0082906063,0.9985290396,0.9876023713,0.9890572354
2455153.9768668697,0.0083037682,0.9985275306,0.9876032735,0.9890596336
2455153.9769031517,0.0083169300,0.9985260216,0.9876041831,0.9890620392
2455153.9769394342,0.0083300921,0.9985245126,0.9876051001,0.9890644523
2455153.9769757162,0.0083432539,0.9985230036,0.9876060246,0.9890668728
2455153.9770119986,0.0083564160,0.9985214945,0.9876069565,0.9890693009
2455153.9770482806,0.0083695778,0.9985199855,0.9876078959,0.9890717364
2455153.9770845631,0.0083827399,0.9985184765,0.9876088429,0.9890741795
2455153.9771208451,0.0083959017,0.9985169675,0.9876097975,0.9890766303
2455153.9771571276,0.0084090638,0.9985154585,0.9876107596,0.9890790886
2455153.9771934096,0.0084222256,0.9985139495,0.9876117294,0.9890815546
2455153.9772296920,0.0084353877,0.9985124404,0.9876127070,0.9890840284
2455153.9772659740,0.0084485495,0.9985109314,0.9876136922,0.9890865098
2455153.9773022565,0.0084617116,0.9985094224,0.9876146852,0.9890889991
2455153.9773385385,0.0084748734,0.9985079134,0.9876156860,0.9890914962
2455153.9773748210,0.0084880355,0.9985064044,0.9876166947,0.9890940011
2455153.9774111030,0.0085011973,0.9985048954,0.9876177112,0.9890965140
2455153.9774473854,0.0085143594,0.9985033863,0.9876187356,0.9890990348
2455153.9774836674,0.0085275212,0.9985018773,0.9876197680,0.9891015635
2455153.9775199499,0.0085406833,0.9985003683,0.9876208084,0.9891041003
2455153.9775562319,0.0085538451,0.9984988593,0.9876218568,0.9891066451
2455153.9775925144,0.0085670072,0.9984973503,0.9876229134,0.9891091980
2455153.9776287964,0.0085801690,0.9984958413,0.9876239780,0.9891117591
2455153.9776650788,0.0085933311,0.9984943322,0.9876250508,0.9891143283
2455153.9777013608,0.0086064929,0.9984928232,0.9876261318,0.9891169058
2455153.9777376433,0.0086196550,0.9984913142,0.9876272210,0.9891194915
2455153.9777739253,0.0086328168,0.9984898052,0.9876283185,0.9891220856
2455153.9778102078,0.0086459789,0.9984882962,0.9876294244,0.9891246880
2455153.9778464898,0.0086591407,0.9984867872,0.9876305387,0.9891272988
2455153.9778827722,0.0086723028,0.9984852781,0.9876316613,0.9891299180
2455153.9779190542,0.0086854646,0.9984837691,0.9876327925,0.9891325458
2455153.9779553367,0.0086986267,0.9984822601,0.9876339321,0.9891351821
2455153.9779916187,0.0087117885,0.9984807511,0.9876350804,0.9891378269
2455153.9780279011,0.0087249506,0.9984792421,0.9876362372,0.9891404804
2455153.9780641831,0.0087381124,0.9984777331,0.9876374027,0.9891431426
2455153.9781004656,0.0087512745,0.9984762240,0.9876385769,0.9891458135
2455153.9781367476,0.0087644363,0.9984747150,0.9876397599,0.9891484932
2455153.9781730301,0.0087775984,0.9984732060,0.9876409517,0.9891511818
2455153.9782093121,0.0087907602,0.9984716970,0.9876421523,0.9891538792
2455153.9782455945,0.0088039223,0.9984701880,0.9876433619,0.9891565855
2455153.9782818765,0.0088170841,0.9984686790,0.9876445804,0.9891593008
2455153.9783181590,0.0088302462,0.9984671699,0.9876458080,0.9891620252
2455153.9783544410,0.0088434080,0.9984656609,0.9876470446,0.9891647587
2455153.9783907235,0.0088565701,0.9984641519,0.9876482903,0.9891675013
2455153.9784270055,0.0088697319,0.9984626429,0.9876495452,0.9891702531
2455153.9784632879,0.0088828940,0.9984611339,0.9876508094,0.9891730143
2455153.9784995699,0.0088960558,0.9984596249,0.9876520829,0.9891757847
2455153.9785358524,0.0089092179,0.9984581159,0.9876533657,0.9891785645
2455153.9785721344,0.0089223797,0.9984566068,0.9876546580,0.9891813537
2455153.9786084169,0.0089355418,0.9984550978,0.9876559597,0.9891841525
2455153.9786446989,0.0089487036,0.9984535888,0.9876572710,0.9891869608
2455153.9786809813,0.0089618657,0.9984520798,0.9876585918,0.9891897787
2455153.9787172633,0.0089750275,0.9984505708,0.9876599224,0.9891926063
2455153.9787535453,0.0089881894,0.9984490618,0.9876612626,0.9891954437
2455153.9787898278,0.0090013514,0.9984475528,0.9876626127,0.9891982909
2455153.9788261098,0.0090145133,0.9984460437,0.9876639726,0.9892011479
2455153.9788623923,0.0090276753,0.9984445347,0.9876653425,0.9892040150
2455153.9788986742,0.0090408372,0.9984430257,0.9876667223,0.9892068920
2455153.9789349567,0.0090539992,0.9984415167,0.9876681123,0.9892097792
2455153.9789712387,0.0090671611,0.9984400077,0.9876695123,0.9892126765
2455153.9790075212,0.0090803231,0.9984384987,0.9876709226,0.9892155841
2455153.9790438032,0.0090934850,0.9984369896,0.9876723432,0.9892185019
2455153.9790800856,0.0091066470,0.9984354806,0.9876737741,0.9892214302
2455153.9791163676,0.0091198089,0.9984339716,0.9876752155,0.9892243689
2455153.9791526501,0.0091329709,0.9984324626,0.9876766674,0.9892273182
2455153.9791889321,0.0091461328,0.9984309536,0.9876781299,0.9892302781
2455153.9792252146,0.0091592948,0.9984294446,0.9876796031,0.9892332487
2455153.9792614966,0.0091724567,0.9984279356,0.9876810870,0.9892362301
2455153.9792977790,0.0091856187,0.9984264265,0.9876825819,0.9892392225
2455153.9793340610,0.0091987806,0.9984249175,0.9876840876,0.9892422257
2455153.9793703435,0.0092119426,0.9984234085,0.9876856044,0.9892452400
2455153.9794066255,0.0092251045,0.9984218995,0.9876871323,0.9892482655
2455153.9794429080,0.0092382665,0.9984203905,0.9876886714,0.9892513022
2455153.9794791900,0.0092514284,0.9984188815,0.9876902219,0.9892543503
2455153.9795154724,0.0092645904,0.9984173724,0.9876917837,0.9892574098
2455153.9795517544,0.0092777523,0.9984158634,0.9876933571,0.9892604808
2455153.9795880369,0.0092909143,0.9984143544,0.9876949421,0.9892635635
2455153.9796243189,0.0093040762,0.9984128454,0.9876965388,0.9892666579
2455153.9796606014,0.0093172382,0.9984113364,0.9876981474,0.9892697643
2455153.9796968834,0.0093304001,0.9984098274,0.9876997678,0.9892728825
2455153.9797331658,0.0093435621,0.9984083183,0.9877014004,0.9892760129
2455153.9797694478,0.0093567240,0.9984068093,0.9877030451,0.9892791554
2455153.9798057303,0.0093698860,0.9984053003,0.9877047021,0.9892823103
2455153.9798420123,0.0093830479,0.9984037913,0.9877063716,0.9892854777
2455153.9798782947,0.0093962099,0.9984022823,0.9877080536,0.9892886576
2455153.9799145767,0.0094093718,0.9984007733,0.9877097483,0.9892918502
2455153.9799508592,0.0094225338,0.9983992642,0.9877114558,0.9892950558
2455153.9799871412,0.0094356957,0.9983977552,0.9877131763,0.9892982742
2455153.9800234237,0.0094488577,0.9983962462,0.9877149099,0.9893015059
2455153.9800597057,0.0094620196,0.9983947372,0.9877166567,0.9893047508
2455153.9800959881,0.0094751816,0.9983932282,0.9877184170,0.9893080093
2455153.9801322701,0.0094883435,0.9983917192,0.9877201909,0.9893112813
2455153.9801685526,0.0095015055,0.9983902101,0.9877219786,0.9893145671
2455153.9802048346,0.0095146674,0.9983887011,0.9877237801,0.9893178669
2455153.9802411171,0.0095278294,0.9983871921,0.9877255959,0.9893211809
2455153.9802773991,0.0095409913,0.9983856831,0.9877274259,0.9893245092
2455153.9803136815,0.0095541533,0.9983841741,0.9877292705,0.9893278521
2455153.9803499635,0.0095673152,0.9983826651,0.9877311299,0.9893312098
2455153.9803862460,0.0095804772,0.9983811560,0.9877330042,0.9893345825
2455153.9804225280,0.0095936391,0.9983796470,0.9877348938,0.9893379705
2455153.9804588105,0.0096068011,0.9983781380,0.9877367989,0.9893413740
2455153.9804950925,0.0096199630,0.9983766290,0.9877387197,0.9893447934
2455153.9805313749,0.0096331251,0.9983751200,0.9877406567,0.9893482288
2455153.9805676569,0.0096462869,0.9983736110,0.9877426100,0.9893516807
2455153.9806039389,0.0096594488,0.9983721020,0.9877445801,0.9893551494
2455153.9806402214,0.0096726108,0.9983705929,0.9877465675,0.9893586354
2455153.9806765034,0.0096857727,0.9983690839,0.9877485725,0.9893621391
2455153.9807127859,0.0096989347,0.9983675749,0.9877505959,0.9893656612
2455153.9807490679,0.0097120966,0.9983660659,0.9877526383,0.9893692024
2455153.9807853503,0.0097252586,0.9983645569,0.9877547191,0.9893727820
2455153.9808216323,0.0097384205,0.9983630479,0.9877568639,0.9893764257
2455153.9808579148,0.0097515825,0.9983615388,0.9877590950,0.9893801559
2455153.9808941968,0.0097647444,0.9983600298,0.9877614134,0.9893839736
2455153.9809304792,0.0097779064,0.9983585208,0.9877638325,0.9893878921
2455153.9809667612,0.0097910683,0.9983570118,0.9877663687,0.9893919280
2455153.9810030437,0.0098042303,0.9983555028,0.9877690196,0.9893960787
2455153.9810393257,0.0098173922,0.9983539938,0.9877717958,0.9894003549
2455153.9810756082,0.0098305542,0.9983524848,0.9877747118,0.9894047712
2455153.9811118902,0.0098437161,0.9983509757,0.9877777633,0.9894093233
2455153.9811481726,0.0098568781,0.9983494667,0.9877809598,0.9894140206
2455153.9811844546,0.0098700400,0.9983479577,0.9877843145,0.9894188764
2455153.9812207371,0.0098832020,0.9983464487,0.9877878223,0.9894238855
2455153.9812570191,0.0098963639,0.9983449397,0.9877914913,0.9894290561
2455153.9812933016,0.0099095259,0.9983434307,0.9877953342,0.9894344009
2455153.9813295836,0.0099226878,0.9983419216,0.9877993445,0.9894399134
2455153.9813658660,0.0099358498,0.9983404126,0.9878035279,0.9894455994
2455153.9814021480,0.0099490117,0.9983389036,0.9878078558,0.9894514300
2455153.9814384305,0.0099621737,0.9983373946,0.9878123157,0.9894573929
2455153.9814747125,0.0099753356,0.9983358856,0.9878168990,0.9894634795
2455153.9815109950,0.0099884976,0.9983343766,0.9878215995,0.9894696834
2455153.9815472770,0.0100016595,0.9983328676,0.9878264116,0.9894759992
2455153.9815835594,0.0100148215,0.9983313585,0.9878313313,0.9894824227
2455153.9816198414,0.0100279834,0.9983298495,0.9878363546,0.9894889500
2455153.9816561239,0.0100411454,0.9983283405,0.9878414782,0.9894955779
2455153.9816924059,0.0100543073,0.9983268315,0.9878466992,0.9895023033
2455153.9817286883,0.0100674693,0.9983253225,0.9878520150,0.9895091237
2455153.9817649703,0.0100806312,0.9983238135,0.9878574232,0.9895160366
2455153.9818012528,0.0100937932,0.9983223044,0.9878629215,0.9895230400
2455153.9818375348,0.0101069551,0.9983207954,0.9878685080,0.9895301316
2455153.9818738173,0.0101201171,0.9983192864,0.9878741810,0.9895373098
2455153.9819100993,0.0101332790,0.9983177774,0.9878799384,0.9895445727
2455153.9819463817,0.0101464410,0.9983162684,0.9878857790,0.9895519189
2455153.9819826637,0.0101596029,0.9983147594,0.9878917011,0.9895593467
2455153.9820189462,0.0101727649,0.9983132503,0.9878977034,0.9895668549
2455153.9820552282,0.0101859268,0.9983117413,0.9879037844,0.9895744421
2455153.9820915107,0.0101990888,0.9983102323,0.9879099431,0.9895821070
2455153.9821277927,0.0102122507,0.9983087233,0.9879161782,0.9895898485
2455153.9821640751,0.0102254127,0.9983072143,0.9879224886,0.9895976655
2455153.9822003571,0.0102385746,0.9983057053,0.9879288733,0.9896055567
2455153.9822366396,0.0102517366,0.9983041962,0.9879353312,0.9896135215
2455153.9822729216,0.0102648985,0.9983026872,0.9879418613,0.9896215587
2455153.9823092041,0.0102780605,0.9983011782,0.9879484629,0.9896296674
2455153.9823454861,0.0102912224,0.9982996692,0.9879551350,0.9896378467
2455153.9823817685,0.0103043844,0.9982981602,0.9879618767,0.9896460959
2455153.9824180505,0.0103175463,0.9982966512,0.9879686872,0.9896544139
2455153.9824543325,0.0103307082,0.9982951422,0.9879755658,0.9896628002
2455153.9824906150,0.0103438702,0.9982936331,0.9879825119,0.9896712541
2455153.9825268970,0.0103570321,0.9982921241,0.9879895244,0.9896797746
2455153.9825631795,0.0103701941,0.9982906151,0.9879966030,0.9896883613
2455153.9825994615,0.0103833560,0.9982891061,0.9880037467,0.9896970133
2455153.9826357439,0.0103965180,0.9982875971,0.9880109552,0.9897057302
2455153.9826720259,0.0104096799,0.9982860881,0.9880182276,0.9897145111
2455153.9827083084,0.0104228419,0.9982845790,0.9880255634,0.9897233556
2455153.9827445904,0.0104360038,0.9982830700,0.9880329620,0.9897322630
2455153.9827808728,0.0104491658,0.9982815610,0.9880404229,0.9897412329
2455153.9828171548,0.0104623277,0.9982800520,0.9880479454,0.9897502644
2455153.9828534373,0.0104754897,0.9982785430,0.9880555292,0.9897593574
2455153.9828897193,0.0104886516,0.9982770340,0.9880631736,0.9897685111
2455153.9829260018,0.0105018136,0.9982755249,0.9880708782,0.9897777252
2455153.9829622838,0.0105149755,0.9982740159,0.9880786423,0.9897869989
2455153.9829985662,0.0105281375,0.9982725069,0.9880864658,0.9897963321
2455153.9830348482,0.0105412994,0.9982709979,0.9880943478,0.9898057240
2455153.9830711307,0.0105544614,0.9982694889,0.9881022882,0.9898151744
2455153.9831074127,0.0105676233,0.9982679799,0.9881102864,0.9898246826
2455153.9831436952,0.0105807853,0.9982664708,0.9881183420,0.9898342485
2455153.9831799772,0.0105939472,0.9982649618,0.9881264545,0.9898438714
2455153.9832162596,0.0106071092,0.9982634528,0.9881346237,0.9898535511
2455153.9832525416,0.0106202711,0.9982619438,0.9881428489,0.9898632869
2455153.9832888241,0.0106334331,0.9982604348,0.9881511300,0.9898730788
2455153.9833251061,0.0106465950,0.9982589258,0.9881594664,0.9898829261
2455153.9833613886,0.0106597570,0.9982574168,0.9881678579,0.9898928286
2455153.9833976706,0.0106729189,0.9982559077,0.9881763040,0.9899027857
2455153.9834339530,0.0106860809,0.9982543987,0.9881848044,0.9899127974
2455153.9834702350,0.0106992428,0.9982528897,0.9881933586,0.9899228630
2455153.9835065175,0.0107124048,0.9982513807,0.9882019666,0.9899329825
2455153.9835427995,0.0107255667,0.9982498717,0.9882106276,0.9899431552
2455153.9835790819,0.0107387287,0.9982483627,0.9882193417,0.9899533810
2455153.9836153639,0.0107518906,0.9982468536,0.9882281083,0.9899636595
2455153.9836516464,0.0107650526,0.9982453446,0.9882369272,0.9899739904
2455153.9836879284,0.0107782145,0.9982438356,0.9882457980,0.9899843733
2455153.9837242109,0.0107913765,0.9982423266,0.9882547205,0.9899948080
2455153.9837604929,0.0108045384,0.9982408176,0.9882636942,0.9900052941
2455153.9837967753,0.0108177004,0.9982393086,0.9882727190,0.9900158314
2455153.9838330573,0.0108308623,0.9982377996,0.9882817945,0.9900264195
2455153.9838693398,0.0108440243,0.9982362905,0.9882909205,0.9900370583
2455153.9839056218,0.0108571862,0.9982347815,0.9883000966,0.9900477472
2455153.9839419043,0.0108703482,0.9982332725,0.9883093227,0.9900584863
2455153.9839781863,0.0108835101,0.9982317635,0.9883185982,0.9900692749
2455153.9840144687,0.0108966721,0.9982302545,0.9883279232,0.9900801131
2455153.9840507507,0.0109098340,0.9982287455,0.9883372972,0.9900910003
2455153.9840870332,0.0109229960,0.9982272364,0.9883467200,0.9901019366
2455153.9841233152,0.0109361579,0.9982257274,0.9883561913,0.9901129215
2455153.9841595977,0.0109493199,0.9982242184,0.9883657109,0.9901239548
2455153.9841958797,0.0109624818,0.9982227094,0.9883752784,0.9901350361
2455153.9842321621,0.0109756438,0.9982212004,0.9883848939,0.9901461655
2455153.9842684441,0.0109888057,0.9982196914,0.9883945567,0.9901573424
2455153.9843047261,0.0110019675,0.9982181824,0.9884042668,0.9901685666
2455153.9843410086,0.0110151296,0.9982166733,0.9884140241,0.9901798382
2455153.9843772906,0.0110282914,0.9982151643,0.9884238280,0.9901911565
2455153.9844135731,0.0110414535,0.9982136553,0.9884336786,0.9902025216
2455153.9844498551,0.0110546153,0.9982121463,0.9884435754,0.9902139331
2455153.9844861375,0.0110677774,0.9982106373,0.9884535184,0.9902253909
2455153.9845224195,0.0110809392,0.9982091283,0.9884635072,0.9902368945
2455153.9845587020,0.0110941013,0.9982076192,0.9884735418,0.9902484440
2455153.9845949840,0.0111072631,0.9982061102,0.9884836216,0.9902600390
2455153.9846312664,0.0111204252,0.9982046012,0.9884937468,0.9902716794
2455153.9846675484,0.0111335870,0.9982030922,0.9885039168,0.9902833647
2455153.9847038309,0.0111467491,0.9982015832,0.9885141317,0.9902950951
2455153.9847401129,0.0111599109,0.9982000742,0.9885243911,0.9903068700
2455153.9847763954,0.0111730730,0.9981985651,0.9885346949,0.9903186895
2455153.9848126774,0.0111862348,0.9981970561,0.9885450428,0.9903305532
2455153.9848489598,0.0111993969,0.9981955471,0.9885554347,0.9903424610
2455153.9848852418,0.0112125587,0.9981940381,0.9885658702,0.9903544125
2455153.9849215243,0.0112257208,0.9981925291,0.9885763493,0.9903664078
2455153.9849578063,0.0112388826,0.9981910201,0.9885868716,0.9903784464
2455153.9849940888,0.0112520447,0.9981895110,0.9885974372,0.9903905283
2455153.9850303708,0.0112652065,0.9981880020,0.9886080456,0.9904026532
2455153.9850666532,0.0112783686,0.9981864930,0.9886186968,0.9904148211
2455153.9851029352,0.0112915304,0.9981849840,0.9886293905,0.9904270314
2455153.9851392177,0.0113046925,0.9981834750,0.9886401266,0.9904392844
2455153.9851754997,0.0113178543,0.9981819660,0.9886509047,0.9904515794
2455153.9852117822,0.0113310164,0.9981804569,0.9886617250,0.9904639167
2455153.9852480642,0.0113441782,0.9981789479,0.9886725868,0.9904762958
2455153.9852843466,0.0113573403,0.9981774389,0.9886834904,0.9904887166
2455153.9853206286,0.0113705021,0.9981759299,0.9886944353,0.9905011789
2455153.9853569111,0.0113836642,0.9981744209,0.9887054215,0.9905136826
2455153.9853931931,0.0113968260,0.9981729119,0.9887164486,0.9905262274
2455153.9854294755,0.0114099881,0.9981714028,0.9887275168,0.9905388132
2455153.9854657575,0.0114231499,0.9981698938,0.9887386254,0.9905514397
2455153.9855020400,0.0114363120,0.9981683848,0.9887497747,0.9905641070
2455153.9855383220,0.0114494738,0.9981668758,0.9887609642,0.9905768145
2455153.9855746045,0.0114626359,0.9981653668,0.9887721939,0.9905895625
2455153.9856108865,0.0114757977,0.9981638578,0.9887834635,0.9906023503
2455153.9856471689,0.0114889598,0.9981623488,0.9887947731,0.9906151783
2455153.9856834509,0.0115021216,0.9981608397,0.9888061221,0.9906280458
2455153.9857197334,0.0115152837,0.9981593307,0.9888175107,0.9906409531
2455153.9857560154,0.0115284455,0.9981578217,0.9888289384,0.9906538995
2455153.9857922979,0.0115416076,0.9981563127,0.9888404054,0.9906668854
2455153.9858285799,0.0115547694,0.9981548037,0.9888519113,0.9906799102
2455153.9858648623,0.0115679315,0.9981532947,0.9888634560,0.9906929740
2455153.9859011443,0.0115810933,0.9981517856,0.9888750392,0.9907060764
2455153.9859374268,0.0115942554,0.9981502766,0.9888866610,0.9907192175
2455153.9859737088,0.0116074172,0.9981487676,0.9888983209,0.9907323968
2455153.9860099913,0.0116205793,0.9981472586,0.9889100191,0.9907456146
2455153.9860462733,0.0116337411,0.9981457496,0.9889217552,0.9907588702
2455153.9860825553,0.0116469030,0.9981442406,0.9889335290,0.9907721637
2455153.9861188377,0.0116600650,0.9981427316,0.9889453406,0.9907854952
2455153.9861551197,0.0116732269,0.9981412225,0.9889571895,0.9907988641
2455153.9861914022,0.0116863889,0.9981397135,0.9889690758,0.9908122705
2455153.9862276842,0.0116995508,0.9981382045,0.9889809992,0.9908257141
2455153.9862639667,0.0117127129,0.9981366955,0.9889929598,0.9908391949
2455153.9863002487,0.0117258747,0.9981351865,0.9890049570,0.9908527125
2455153.9863365311,0.0117390368,0.9981336775,0.9890169910,0.9908662671
2455153.9863728131,0.0117521986,0.9981321684,0.9890290615,0.9908798581
2455153.9864090956,0.0117653607,0.9981306594,0.9890411684,0.9908934858
2455153.9864453776,0.0117785225,0.9981291504,0.9890533115,0.9909071497
2455153.9864816600,0.0117916846,0.9981276414,0.9890654907,0.9909208499
2455153.9865179420,0.0118048464,0.9981261324,0.9890777057,0.9909345859
2455153.9865542245,0.0118180085,0.9981246234,0.9890899566,0.9909483580
2455153.9865905065,0.0118311703,0.9981231144,0.9891022430,0.9909621656
2455153.9866267890,0.0118443324,0.9981216053,0.9891145650,0.9909760090
2455153.9866630710,0.0118574942,0.9981200963,0.9891269221,0.9909898876
2455153.9866993534,0.0118706563,0.9981185873,0.9891393145,0.9910038017
2455153.9867356354,0.0118838181,0.9981170783,0.9891517418,0.9910177506
2455153.9867719179,0.0118969802,0.9981155693,0.9891642041,0.9910317347
2455153.9868081999,0.0119101420,0.9981140603,0.9891767009,0.9910457535
2455153.9868444824,0.0119233041,0.9981125512,0.9891892325,0.9910598071
2455153.9868807644,0.0119364659,0.9981110422,0.9892017983,0.9910738950
2455153.9869170468,0.0119496280,0.9981095332,0.9892143985,0.9910880175
2455153.9869533288,0.0119627898,0.9981080242,0.9892270327,0.9911021740
2455153.9869896113,0.0119759519,0.9981065152,0.9892397010,0.9911163648
2455153.9870258933,0.0119891137,0.9981050062,0.9892524030,0.9911305894
2455153.9870621758,0.0120022758,0.9981034971,0.9892651388,0.9911448479
2455153.9870984578,0.0120154376,0.9981019881,0.9892779080,0.9911591398
2455153.9871347402,0.0120285997,0.9981004791,0.9892907108,0.9911734655
2455153.9871710222,0.0120417615,0.9980989701,0.9893035466,0.9911878243
2455153.9872073047,0.0120549236,0.9980974611,0.9893164157,0.9912022165
2455153.9872435867,0.0120680854,0.9980959521,0.9893293176,0.9912166416
2455153.9872798692,0.0120812475,0.9980944430,0.9893422524,0.9912310998
2455153.9873161511,0.0120944093,0.9980929340,0.9893552198,0.9912455905
2455153.9873524336,0.0121075714,0.9980914250,0.9893682199,0.9912601141
2455153.9873887156,0.0121207332,0.9980899160,0.9893812522,0.9912746701
2455153.9874249981,0.0121338953,0.9980884070,0.9893943169,0.9912892585
2455153.9874612801,0.0121470571,0.9980868980,0.9894074135,0.9913038790
2455153.9874975625,0.0121602192,0.9980853889,0.9894205423,0.9913185317
2455153.9875338445,0.0121733810,0.9980838799,0.9894337027,0.9913332162
2455153.9875701270,0.0121865431,0.9980823709,0.9894468950,0.9913479326
2455153.9876064090,0.0121997049,0.9980808619,0.9894601186,0.9913626805
2455153.9876426915,0.0122128670,0.9980793529,0.9894733738,0.9913774601
2455153.9876789735,0.0122260288,0.9980778439,0.9894866601,0.9913922709
2455153.9877152559,0.0122391909,0.9980763348,0.9894999777,0.9914071131
2455153.9877515379,0.0122523527,0.9980748258,0.9895133262,0.9914219861
2455153.9877878204,0.0122655148,0.9980733168,0.9895267056,0.9914368904
2455153.9878241024,0.0122786766,0.9980718078,0.9895401155,0.9914518252
2455153.9878603849,0.0122918387,0.9980702988,0.9895535563,0.9914667909
2455153.9878966669,0.0123050005,0.9980687898,0.9895670272,0.9914817870
2455153.9879329489,0.0123181624,0.9980672808,0.9895805285,0.9914968134
2455153.9879692313,0.0123313244,0.9980657717,0.9895940601,0.9915118703
2455153.9880055133,0.0123444863,0.9980642627,0.9896076215,0.9915269572
2455153.9880417958,0.0123576483,0.9980627537,0.9896212130,0.9915420742
2455153.9880780778,0.0123708102,0.9980612447,0.9896348340,0.9915572208
2455153.9881143603,0.0123839722,0.9980597357,0.9896484849,0.9915723974
2455153.9881506423,0.0123971341,0.9980582267,0.9896621650,0.9915876034
2455153.9881869247,0.0124102961,0.9980567176,0.9896758746,0.9916028389
2455153.9882232067,0.0124234580,0.9980552086,0.9896896133,0.9916181036
2455153.9882594892,0.0124366200,0.9980536996,0.9897033812,0.9916333976
2455153.9882957712,0.0124497819,0.9980521906,0.9897171778,0.9916487205
2455153.9883320536,0.0124629439,0.9980506816,0.9897310034,0.9916640725
2455153.9883683356,0.0124761058,0.9980491726,0.9897448575,0.9916794530
2455153.9884046181,0.0124892678,0.9980476636,0.9897587403,0.9916948623
2455153.9884409001,0.0125024297,0.9980461545,0.9897726513,0.9917103000
2455153.9884771826,0.0125155917,0.9980446455,0.9897865907,0.9917257661
2455153.9885134646,0.0125287536,0.9980431365,0.9898005581,0.9917412603
2455153.9885497470,0.0125419156,0.9980416275,0.9898145536,0.9917567828
2455153.9885860290,0.0125550775,0.9980401185,0.9898285767,0.9917723330
2455153.9886223115,0.0125682395,0.9980386095,0.9898426278,0.9917879112
2455153.9886585935,0.0125814014,0.9980371004,0.9898567062,0.9918035169
2455153.9886948760,0.0125945634,0.9980355914,0.9898708123,0.9918191503
2455153.9887311580,0.0126077253,0.9980340824,0.9898849455,0.9918348110
2455153.9887674404,0.0126208873,0.9980325734,0.9898991060,0.9918504991
2455153.9888037224,0.0126340492,0.9980310644,0.9899132934,0.9918662141
2455153.9888400049,0.0126472112,0.9980295554,0.9899275079,0.9918819564
2455153.9888762869,0.0126603731,0.9980280464,0.9899417490,0.9918977253
2455153.9889125694,0.0126735351,0.9980265373,0.9899560169,0.9919135212
2455153.9889488514,0.0126866970,0.9980250283,0.9899703111,0.9919293434
2455153.9889851338,0.0126998590,0.9980235193,0.9899846318,0.9919451923
2455153.9890214158,0.0127130209,0.9980220103,0.9899989786,0.9919610674
2455153.9890576983,0.0127261829,0.9980205013,0.9900133517,0.9919769689
2455153.9890939803,0.0127393448,0.9980189923,0.9900277506,0.9919928962
2455153.9891302628,0.0127525068,0.9980174832,0.9900421754,0.9920088496
2455153.9891665448,0.0127656687,0.9980159742,0.9900566258,0.9920248287
2455153.9892028272,0.0127788307,0.9980144652,0.9900711020,0.9920408336
2455153.9892391092,0.0127919926,0.9980129562,0.9900856034,0.9920568638
2455153.9892753917,0.0128051546,0.9980114472,0.9901001302,0.9920729197
2455153.9893116737,0.0128183165,0.9980099382,0.9901146821,0.9920890006
2455153.9893479561,0.0128314785,0.9980084291,0.9901292592,0.9921051068
2455153.9893842381,0.0128446404,0.9980069201,0.9901438610,0.9921212378
2455153.9894205206,0.0128578024,0.9980054111,0.9901584877,0.9921373939
2455153.9894568026,0.0128709643,0.9980039021,0.9901731389,0.9921535746
2455153.9894930851,0.0128841263,0.9980023931,0.9901878148,0.9921697800
2455153.9895293671,0.0128972882,0.9980008841,0.9902025148,0.9921860097
2455153.9895656495,0.0129104502,0.9979993750,0.9902172393,0.9922022639
2455153.9896019315,0.0129236121,0.9979978660,0.9902319876,0.9922185421
2455153.9896382140,0.0129367741,0.9979963570,0.9902467602,0.9922348446
2455153.9896744960,0.0129499360,0.9979948480,0.9902615564,0.9922511708
2455153.9897107785,0.0129630980,0.9979933390,0.9902763764,0.9922675210
2455153.9897470605,0.0129762599,0.9979918300,0.9902912199,0.9922838947
2455153.9897833425,0.0129894218,0.9979903210,0.9903060868,0.9923002919
2455153.9898196249,0.0130025838,0.9979888119,0.9903209771,0.9923167127
2455153.9898559069,0.0130157457,0.9979873029,0.9903358905,0.9923331565
2455153.9898921894,0.0130289077,0.9979857939,0.9903508271,0.9923496237
2455153.9899284714,0.0130420696,0.9979842849,0.9903657864,0.9923661137
2455153.9899647539,0.0130552316,0.9979827759,0.9903807686,0.9923826268
2455153.9900010359,0.0130683935,0.9979812669,0.9903957733,0.9923991624
2455153.9900373183,0.0130815555,0.9979797578,0.9904108007,0.9924157208
2455153.9900736003,0.0130947174,0.9979782488,0.9904258502,0.9924323014
2455153.9901098828,0.0131078794,0.9979767398,0.9904409222,0.9924489046
2455153.9901461648,0.0131210413,0.9979752308,0.9904560161,0.9924655298
2455153.9901824472,0.0131342033,0.9979737218,0.9904711322,0.9924821772
2455153.9902187292,0.0131473652,0.9979722128,0.9904862699,0.9924988464
2455153.9902550117,0.0131605272,0.9979707037,0.9905014295,0.9925155376
2455153.9902912937,0.0131736891,0.9979691947,0.9905166105,0.9925322502
2455153.9903275762,0.0131868511,0.9979676857,0.9905318131,0.9925489846
2455153.9903638582,0.0132000130,0.9979661767,0.9905470368,0.9925657401
2455153.9904001406,0.0132131750,0.9979646677,0.9905622819,0.9925825172
2455153.9904364226,0.0132263369,0.9979631587,0.9905775478,0.9925993151
2455153.9904727051,0.0132394989,0.9979616496,0.9905928348,0.9926161343
2455153.9905089871,0.0132526608,0.9979601406,0.9906081424,0.9926329741
2455153.9905452696,0.0132658228,0.9979586316,0.9906234708,0.9926498348
2455153.9905815516,0.0132789847,0.9979571226,0.9906388195,0.9926667159
2455153.9906178340,0.0132921467,0.9979556136,0.9906541888,0.9926836177
2455153.9906541160,0.0133053086,0.9979541046,0.9906695781,0.9927005396
2455153.9906903985,0.0133184706,0.9979525956,0.9906849878,0.9927174819
2455153.9907266805,0.0133316325,0.9979510865,0.9907004171,0.9927344441
2455153.9907629630,0.0133447945,0.9979495775,0.9907158665,0.9927514264
2455153.9907992450,0.0133579564,0.9979480685,0.9907313354,0.9927684282
2455153.9908355274,0.0133711184,0.9979465595,0.9907468241,0.9927854500
2455153.9908718094,0.0133842803,0.9979450505,0.9907623320,0.9928024910
2455153.9909080919,0.0133974423,0.9979435415,0.9907778594,0.9928195516
2455153.9909443739,0.0134106042,0.9979420324,0.9907934057,0.9928366313
2455153.9909806564,0.0134237662,0.9979405234,0.9908089713,0.9928537303
2455153.9910169384,0.0134369281,0.9979390144,0.9908245555,0.9928708480
2455153.9910532208,0.0134500901,0.9979375054,0.9908401587,0.9928879848
2455153.9910895028,0.0134632520,0.9979359964,0.9908557803,0.9929051401
2455153.9911257853,0.0134764140,0.9979344874,0.9908714206,0.9929223142
2455153.9911620673,0.0134895759,0.9979329784,0.9908870791,0.9929395065
2455153.9911983497,0.0135027379,0.9979314693,0.9909027559,0.9929567174
2455153.9912346317,0.0135158998,0.9979299603,0.9909184507,0.9929739461
2455153.9912709142,0.0135290618,0.9979284513,0.9909341635,0.9929911932
2455153.9913071962,0.0135422237,0.9979269423,0.9909498940,0.9930084579
2455153.9913434787,0.0135553857,0.9979254333,0.9909656424,0.9930257406
2455153.9913797607,0.0135685476,0.9979239243,0.9909814081,0.9930430406
2455153.9914160431,0.0135817096,0.9979224152,0.9909971914,0.9930603584
2455153.9914523251,0.0135948715,0.9979209062,0.9910129917,0.9930776934
2455153.9914886076,0.0136080335,0.9979193972,0.9910288094,0.9930950457
2455153.9915248896,0.0136211954,0.9979178882,0.9910446439,0.9931124150
2455153.9915611721,0.0136343574,0.9979163792,0.9910604954,0.9931298013
2455153.9915974541,0.0136475193,0.9979148702,0.9910763634,0.9931472043
2455153.9916337361,0.0136606811,0.9979133612,0.9910922481,0.9931646239
2455153.9916700185,0.0136738432,0.9979118521,0.9911081493,0.9931820603
2455153.9917063005,0.0136870050,0.9979103431,0.9911240667,0.9931995129
2455153.9917425830,0.0137001671,0.9979088341,0.9911400005,0.9932169819
2455153.9917788650,0.0137133289,0.9979073251,0.9911559500,0.9932344669
2455153.9918151475,0.0137264910,0.9979058161,0.9911719157,0.9932519680
2455153.9918514295,0.0137396528,0.9979043071,0.9911878969,0.9932694848
2455153.9918877119,0.0137528149,0.9979027980,0.9912038940,0.9932870175
2455153.9919239939,0.0137659767,0.9979012890,0.9912199063,0.9933045655
2455153.9919602764,0.0137791388,0.9978997800,0.9912359342,0.9933221292
2455153.9919965584,0.0137923007,0.9978982710,0.9912519771,0.9933397080
2455153.9920328408,0.0138054627,0.9978967620,0.9912680353,0.9933573022
2455153.9920691228,0.0138186246,0.9978952530,0.9912841082,0.9933749111
2455153.9921054053,0.0138317866,0.9978937439,0.9913001961,0.9933925352
2455153.9921416873,0.0138449485,0.9978922349,0.9913162985,0.9934101737
2455153.9921779698,0.0138581105,0.9978907259,0.9913324155,0.9934278271
2455153.9922142518,0.0138712724,0.9978892169,0.9913485468,0.9934454947
2455153.9922505342,0.0138844344,0.9978877079,0.9913646925,0.9934631769
2455153.9922868162,0.0138975963,0.9978861989,0.9913808521,0.9934808731
2455153.9923230987,0.0139107583,0.9978846898,0.9913970258,0.9934985835
2455153.9923593807,0.0139239202,0.9978831808,0.9914132132,0.9935163075
2455153.9923956632,0.0139370822,0.9978816718,0.9914294145,0.9935340456
2455153.9924319452,0.0139502441,0.9978801628,0.9914456290,0.9935517971
2455153.9924682276,0.0139634061,0.9978786538,0.9914618573,0.9935695623
2455153.9925045096,0.0139765680,0.9978771448,0.9914780985,0.9935873406
2455153.9925407921,0.0139897300,0.9978756357,0.9914943531,0.9936051323
2455153.9925770741,0.0140028919,0.9978741267,0.9915106205,0.9936229369
2455153.9926133566,0.0140160539,0.9978726177,0.9915269009,0.9936407547
2455153.9926496386,0.0140292158,0.9978711087,0.9915431938,0.9936585849
2455153.9926859210,0.0140423778,0.9978695997,0.9915594995,0.9936764281
2455153.9927222030,0.0140555397,0.9978680907,0.9915758174,0.9936942835
2455153.9927584855,0.0140687017,0.9978665816,0.9915921478,0.9937121516
2455153.9927947675,0.0140818636,0.9978650726,0.9916084901,0.9937300316
2455153.9928310500,0.0140950256,0.9978635636,0.9916248447,0.9937479239
2455153.9928673320,0.0141081875,0.9978620546,0.9916412108,0.9937658279
2455153.9929036144,0.0141213495,0.9978605456,0.9916575889,0.9937837439
2455153.9929398964,0.0141345114,0.9978590366,0.9916739784,0.9938016714
2455153.9929761789,0.0141476734,0.9978575276,0.9916903795,0.9938196106
2455153.9930124609,0.0141608353,0.9978560185,0.9917067917,0.9938375610
2455153.9930487433,0.0141739973,0.9978545095,0.9917232152,0.9938555227
2455153.9930850253,0.0141871592,0.9978530005,0.9917396495,0.9938734954
2455153.9931213078,0.0142003212,0.9978514915,0.9917560949,0.9938914792
2455153.9931575898,0.0142134831,0.9978499825,0.9917725508,0.9939094736
2455153.9931938723,0.0142266451,0.9978484735,0.9917890175,0.9939274788
2455153.9932301543,0.0142398070,0.9978469645,0.9918054944,0.9939454944
2455153.9932664367,0.0142529690,0.9978454554,0.9918219818,0.9939635205
2455153.9933027187,0.0142661309,0.9978439464,0.9918384791,0.9939815566
2455153.9933390012,0.0142792929,0.9978424374,0.9918549866,0.9939996030
2455153.9933752832,0.0142924548,0.9978409284,0.9918715038,0.9940176591
2455153.9934115657,0.0143056168,0.9978394194,0.9918880309,0.9940357253
2455153.9934478477,0.0143187787,0.9978379104,0.9919045674,0.9940538008
2455153.9934841297,0.0143319405,0.9978364013,0.9919211132,0.9940718858
2455153.9935204121,0.0143451026,0.9978348923,0.9919376686,0.9940899805
2455153.9935566941,0.0143582644,0.9978333833,0.9919542329,0.9941080840
2455153.9935929766,0.0143714265,0.9978318743,0.9919708064,0.9941261969
2455153.9936292586,0.0143845883,0.9978303653,0.9919873885,0.9941443185
2455153.9936655411,0.0143977504,0.9978288563,0.9920039795,0.9941624490
2455153.9937018231,0.0144109122,0.9978273473,0.9920205788,0.9941805880
2455153.9937381055,0.0144240743,0.9978258382,0.9920371868,0.9941987357
2455153.9937743875,0.0144372361,0.9978243292,0.9920538028,0.9942168914
2455153.9938106700,0.0144503982,0.9978228202,0.9920704271,0.9942350556
2455153.9938469520,0.0144635600,0.9978213112,0.9920870591,0.9942532275
2455153.9938832344,0.0144767221,0.9978198022,0.9921036992,0.9942714076
2455153.9939195164,0.0144898839,0.9978182932,0.9921203468,0.9942895952
2455153.9939557989,0.0145030460,0.9978167841,0.9921370021,0.9943077906
2455153.9939920809,0.0145162078,0.9978152751,0.9921536645,0.9943259932
2455153.9940283634,0.0145293699,0.9978137661,0.9921703344,0.9943442034
2455153.9940646454,0.0145425317,0.9978122571,0.9921870111,0.9943624204
2455153.9941009278,0.0145556938,0.9978107481,0.9922036950,0.9943806447
2455153.9941372098,0.0145688556,0.9978092391,0.9922203854,0.9943988756
2455153.9941734923,0.0145820177,0.9978077300,0.9922370827,0.9944171135
2455153.9942097743,0.0145951795,0.9978062210,0.9922537862,0.9944353576
2455153.9942460568,0.0146083416,0.9978047120,0.9922704963,0.9944536084
2455153.9942823388,0.0146215034,0.9978032030,0.9922872124,0.9944718652
2455153.9943186212,0.0146346655,0.9978016940,0.9923039347,0.9944901283
2455153.9943549032,0.0146478273,0.9978001850,0.9923206627,0.9945083972
2455153.9943911857,0.0146609894,0.9977986759,0.9923373966,0.9945266721
2455153.9944274677,0.0146741512,0.9977971669,0.9923541359,0.9945449524
2455153.9944637502,0.0146873133,0.9977956579,0.9923708808,0.9945632384
2455153.9945000322,0.0147004751,0.9977941489,0.9923876308,0.9945815295
2455153.9945363146,0.0147136372,0.9977926399,0.9924043861,0.9945998261
2455153.9945725966,0.0147267990,0.9977911309,0.9924211462,0.9946181275
2455153.9946088791,0.0147399611,0.9977896218,0.9924379113,0.9946364340
2455153.9946451611,0.0147531229,0.9977881128,0.9924546809,0.9946547450
2455153.9946814436,0.0147662850,0.9977866038,0.9924714552,0.9946730608
2455153.9947177256,0.0147794468,0.9977850948,0.9924882337,0.9946913808
2455153.9947540080,0.0147926089,0.9977835858,0.9925050166,0.9947097053
2455153.9947902900,0.0148057707,0.9977820768,0.9925218034,0.9947280338
2455153.9948265725,0.0148189328,0.9977805677,0.9925385942,0.9947463664
2455153.9948628545,0.0148320946,0.9977790587,0.9925553886,0.9947647026
2455153.9948991369,0.0148452567,0.9977775497,0.9925721869,0.9947830427
2455153.9949354189,0.0148584185,0.9977760407,0.9925889883,0.9948013861
2455153.9949717014,0.0148715806,0.9977745317,0.9926057933,0.9948197331
2455153.9950079834,0.0148847424,0.9977730227,0.9926226012,0.9948380830
2455153.9950442659,0.0148979045,0.9977715136,0.9926394122,0.9948564362
2455153.9950805479,0.0149110663,0.9977700046,0.9926562259,0.9948747921
2455153.9951168303,0.0149242284,0.9977684956,0.9926730425,0.9948931510
2455153.9951531123,0.0149373902,0.9977669866,0.9926898614,0.9949115121
2455153.9951893948,0.0149505523,0.9977654776,0.9927066829,0.9949298760
2455153.9952256768,0.0149637141,0.9977639686,0.9927235063,0.9949482418
2455153.9952619593,0.0149768762,0.9977624596,0.9927403320,0.9949666101
2455153.9952982413,0.0149900380,0.9977609505,0.9927571594,0.9949849800
2455153.9953345233,0.0150031999,0.9977594415,0.9927739885,0.9950033517
2455153.9953708057,0.0150163619,0.9977579325,0.9927908194,0.9950217253
2455153.9954070877,0.0150295238,0.9977564235,0.9928076516,0.9950401001
2455153.9954433702,0.0150426858,0.9977549145,0.9928244852,0.9950584765
2455153.9954796522,0.0150558477,0.9977534055,0.9928413196,0.9950768538
2455153.9955159347,0.0150690097,0.9977518965,0.9928581553,0.9950952324
2455153.9955522167,0.0150821716,0.9977503874,0.9928749915,0.9951136116
2455153.9955884991,0.0150953336,0.9977488784,0.9928918285,0.9951319916
2455153.9956247811,0.0151084955,0.9977473694,0.9929086658,0.9951503720
2455153.9956610636,0.0151216575,0.9977458604,0.9929255036,0.9951687530
2455153.9956973456,0.0151348194,0.9977443514,0.9929423414,0.9951871339
2455153.9957336280,0.0151479814,0.9977428424,0.9929591794,0.9952055151
2455153.9957699100,0.0151611433,0.9977413333,0.9929760169,0.9952238959
2455153.9958061925,0.0151743053,0.9977398243,0.9929928544,0.9952422768
2455153.9958424745,0.0151874672,0.9977383153,0.9930096911,0.9952606569
2455153.9958787570,0.0152006292,0.9977368063,0.9930265274,0.9952790366
2455153.9959150390,0.0152137911,0.9977352973,0.9930433626,0.9952974154
2455153.9959513214,0.0152269531,0.9977337883,0.9930601971,0.9953157935
2455153.9959876034,0.0152401150,0.9977322793,0.9930770303,0.9953341702
2455153.9960238859,0.0152532770,0.9977307702,0.9930938623,0.9953525459
2455153.9960601679,0.0152664389,0.9977292612,0.9931106927,0.9953709200
2455153.9960964504,0.0152796009,0.9977277522,0.9931275216,0.9953892927
2455153.9961327324,0.0152927628,0.9977262432,0.9931443485,0.9954076635
2455153.9961690148,0.0153059248,0.9977247342,0.9931611737,0.9954260325
2455153.9962052968,0.0153190867,0.9977232252,0.9931779965,0.9954443993
2455153.9962415793,0.0153322487,0.9977217161,0.9931948173,0.9954627640
2455153.9962778613,0.0153454106,0.9977202071,0.9932116354,0.9954811261
2455153.9963141438,0.0153585726,0.9977186981,0.9932284510,0.9954994859
2455153.9963504258,0.0153717345,0.9977171891,0.9932452637,0.9955178427
2455153.9963867082,0.0153848965,0.9977156801,0.9932620737,0.9955361968
2455153.9964229902,0.0153980584,0.9977141711,0.9932788803,0.9955545477
2455153.9964592727,0.0154112204,0.9977126620,0.9932956838,0.9955728955
2455153.9964955547,0.0154243823,0.9977111530,0.9933124837,0.9955912396
2455153.9965318372,0.0154375443,0.9977096440,0.9933292801,0.9956095805
2455153.9965681192,0.0154507062,0.9977081350,0.9933460726,0.9956279173
2455153.9966044016,0.0154638682,0.9977066260,0.9933628613,0.9956462505
2455153.9966406836,0.0154770301,0.9977051170,0.9933796456,0.9956645794
2455153.9966769661,0.0154901921,0.9977036079,0.9933964259,0.9956829042
2455153.9967132481,0.0155033540,0.9977020989,0.9934132015,0.9957012244
2455153.9967495305,0.0155165160,0.9977005899,0.9934299727,0.9957195403
2455153.9967858125,0.0155296779,0.9976990809,0.9934467389,0.9957378511
2455153.9968220950,0.0155428399,0.9976975719,0.9934635003,0.9957561573
2455153.9968583770,0.0155560018,0.9976960629,0.9934802563,0.9957744581
2455153.9968946595,0.0155691638,0.9976945538,0.9934970073,0.9957927539
2455153.9969309415,0.0155823257,0.9976930448,0.9935137525,0.9958110440
2455153.9969672239,0.0155954877,0.9976915358,0.9935304923,0.9958293287
2455153.9970035059,0.0156086496,0.9976900268,0.9935472261,0.9958476074
2455153.9970397884,0.0156218116,0.9976885178,0.9935639541,0.9958658803
2455153.9970760704,0.0156349735,0.9976870088,0.9935806756,0.9958841469
2455153.9971123529,0.0156481355,0.9976854997,0.9935973911,0.9959024074
2455153.9971486349,0.0156612974,0.9976839907,0.9936140997,0.9959206612
2455153.9971849169,0.0156744593,0.9976824817,0.9936308017,0.9959389084
2455153.9972211993,0.0156876213,0.9976809727,0.9936474971,0.9959571489
2455153.9972574813,0.0157007832,0.9976794637,0.9936641851,0.9959753822
2455153.9972937638,0.0157139452,0.9976779547,0.9936808662,0.9959936085
2455153.9973300458,0.0157271071,0.9976764457,0.9936975396,0.9960118272
2455153.9973663283,0.0157402691,0.9976749366,0.9937142057,0.9960300387
2455153.9974026103,0.0157534310,0.9976734276,0.9937308638,0.9960482421
2455153.9974388927,0.0157665930,0.9976719186,0.9937475142,0.9960664380
2455153.9974751747,0.0157797549,0.9976704096,0.9937641563,0.9960846255
2455153.9975114572,0.0157929169,0.9976689006,0.9937807903,0.9961028050
2455153.9975477392,0.0158060788,0.9976673916,0.9937974156,0.9961209758
2455153.9975840217,0.0158192408,0.9976658825,0.9938140325,0.9961391383
2455153.9976203036,0.0158324027,0.9976643735,0.9938306404,0.9961572917
2455153.9976565861,0.0158455647,0.9976628645,0.9938472394,0.9961754364
2455153.9976928681,0.0158587266,0.9976613555,0.9938638291,0.9961935717
2455153.9977291506,0.0158718886,0.9976598465,0.9938804096,0.9962116979
2455153.9977654326,0.0158850505,0.9976583375,0.9938969804,0.9962298144
2455153.9978017150,0.0158982125,0.9976568285,0.9939135416,0.9962479214
2455153.9978379970,0.0159113744,0.9976553194,0.9939300928,0.9962660183
2455153.9978742795,0.0159245364,0.9976538104,0.9939466340,0.9962841054
2455153.9979105615,0.0159376983,0.9976523014,0.9939631648,0.9963021820
2455153.9979468440,0.0159508603,0.9976507924,0.9939796853,0.9963202484
2455153.9979831260,0.0159640222,0.9976492834,0.9939961950,0.9963383040
2455153.9980194084,0.0159771842,0.9976477744,0.9940126941,0.9963563490
2455153.9980556904,0.0159903461,0.9976462653,0.9940291819,0.9963743828
2455153.9980919729,0.0160035081,0.9976447563,0.9940456588,0.9963924057
2455153.9981282549,0.0160166700,0.9976432473,0.9940621240,0.9964104169
2455153.9981645374,0.0160298320,0.9976417383,0.9940785779,0.9964284169
2455153.9982008194,0.0160429939,0.9976402293,0.9940950199,0.9964464049
2455153.9982371018,0.0160561559,0.9976387203,0.9941114501,0.9964643813
2455153.9982733838,0.0160693178,0.9976372113,0.9941278680,0.9964823453
2455153.9983096663,0.0160824798,0.9976357022,0.9941442738,0.9965002972
2455153.9983459483,0.0160956417,0.9976341932,0.9941606668,0.9965182364
2455153.9983822308,0.0161088037,0.9976326842,0.9941770474,0.9965361632
2455153.9984185128,0.0161219656,0.9976311752,0.9941934149,0.9965540769
2455153.9984547952,0.0161351276,0.9976296662,0.9942097695,0.9965719778
2455153.9984910772,0.0161482895,0.9976281572,0.9942261107,0.9965898652
2455153.9985273597,0.0161614515,0.9976266481,0.9942424386,0.9966077394
2455153.9985636417,0.0161746134,0.9976251391,0.9942587526,0.9966255998
2455153.9985999241,0.0161877754,0.9976236301,0.9942750531,0.9966434465
2455153.9986362061,0.0162009373,0.9976221211,0.9942913392,0.9966612791
2455153.9986724886,0.0162140993,0.9976206121,0.9943076114,0.9966790976
2455153.9987087706,0.0162272612,0.9976191031,0.9943238690,0.9966969016
2455153.9987450531,0.0162404232,0.9976175940,0.9943401121,0.9967146911
2455153.9987813351,0.0162535851,0.9976160850,0.9943563402,0.9967324657
2455153.9988176175,0.0162667471,0.9976145760,0.9943725535,0.9967502254
2455153.9988538995,0.0162799090,0.9976130670,0.9943887514,0.9967679698
2455153.9988901820,0.0162930710,0.9976115580,0.9944049342,0.9967856990
2455153.9989264640,0.0163062329,0.9976100490,0.9944211011,0.9968034125
2455153.9989627465,0.0163193949,0.9976085399,0.9944372524,0.9968211103
2455153.9989990285,0.0163325568,0.9976070309,0.9944533876,0.9968387920
2455153.9990353105,0.0163457187,0.9976055219,0.9944695065,0.9968564575
2455153.9990715929,0.0163588807,0.9976040129,0.9944856093,0.9968741068
2455153.9991078749,0.0163720426,0.9976025039,0.9945016953,0.9968917394
2455153.9991441574,0.0163852046,0.9976009949,0.9945177647,0.9969093554
2455153.9991804394,0.0163983665,0.9975994859,0.9945338169,0.9969269542
2455153.9992167219,0.0164115285,0.9975979768,0.9945498521,0.9969445360
2455153.9992530039,0.0164246904,0.9975964678,0.9945658697,0.9969621002
2455153.9992892863,0.0164378524,0.9975949588,0.9945818700,0.9969796471
2455153.9993255683,0.0164510143,0.9975934498,0.9945978522,0.9969971759
2455153.9993618508,0.0164641763,0.9975919408,0.9946138166,0.9970146870
2455153.9993981328,0.0164773382,0.9975904318,0.9946297626,0.9970321796
2455153.9994344153,0.0164905002,0.9975889227,0.9946456903,0.9970496541
2455153.9994706973,0.0165036621,0.9975874137,0.9946615993,0.9970671097
2455153.9995069797,0.0165168241,0.9975859047,0.9946774896,0.9970845467
2455153.9995432617,0.0165299860,0.9975843957,0.9946933607,0.9971019645
2455153.9995795442,0.0165431480,0.9975828867,0.9947092127,0.9971193632
2455153.9996158262,0.0165563099,0.9975813777,0.9947250451,0.9971367423
2455153.9996521086,0.0165694719,0.9975798686,0.9947408580,0.9971541019
2455153.9996883906,0.0165826338,0.9975783596,0.9947566508,0.9971714414
2455153.9997246731,0.0165957958,0.9975768506,0.9947724238,0.9971887611
2455153.9997609551,0.0166089577,0.9975753416,0.9947881762,0.9972060603
2455153.9997972376,0.0166221197,0.9975738326,0.9948039083,0.9972233391
2455153.9998335196,0.0166352816,0.9975723236,0.9948196195,0.9972405970
2455153.9998698020,0.0166484436,0.9975708145,0.9948353100,0.9972578342
2455153.9999060840,0.0166616055,0.9975693055,0.9948509791,0.9972750500
2455153.9999423665,0.0166747675,0.9975677965,0.9948666270,0.9972922447
2455153.9999786485,0.0166879294,0.9975662875,0.9948822531,0.9973094175
2455154.0000149310,0.0167010914,0.9975647785,0.9948978577,0.9973265688
2455154.0000512130,0.0167142533,0.9975632695,0.9949134400,0.9973436978
2455154.0000874954,0.0167274153,0.9975617605,0.9949290003,0.9973608048
2455154.0001237774,0.0167405772,0.9975602514,0.9949445379,0.9973778891
2455154.0001600599,0.0167537392,0.9975587424,0.9949600530,0.9973949510
2455154.0001963419,0.0167669011,0.9975572334,0.9949755450,0.9974119897
2455154.0002326244,0.0167800631,0.9975557244,0.9949910141,0.9974290055
2455154.0002689064,0.0167932250,0.9975542154,0.9950064597,0.9974459977
2455154.0003051888,0.0168063870,0.9975527064,0.9950218818,0.9974629666
2455154.0003414708,0.0168195489,0.9975511973,0.9950372800,0.9974799115
2455154.0003777533,0.0168327109,0.9975496883,0.9950526544,0.9974968325
2455154.0004140353,0.0168458728,0.9975481793,0.9950680043,0.9975137291
2455154.0004503177,0.0168590348,0.9975466703,0.9950833300,0.9975306014
2455154.0004865997,0.0168721967,0.9975451613,0.9950986307,0.9975474488
2455154.0005228822,0.0168853587,0.9975436523,0.9951139067,0.9975642715
2455154.0005591642,0.0168985206,0.9975421433,0.9951291574,0.9975810687
2455154.0005954467,0.0169116826,0.9975406342,0.9951443829,0.9975978408
2455154.0006317287,0.0169248445,0.9975391252,0.9951595825,0.9976145871
2455154.0006680111,0.0169380065,0.9975376162,0.9951747565,0.9976313077
2455154.0007042931,0.0169511684,0.9975361072,0.9951899042,0.9976480020
2455154.0007405756,0.0169643304,0.9975345982,0.9952050258,0.9976646701
2455154.0007768576,0.0169774923,0.9975330892,0.9952201206,0.9976813115
2455154.0008131401,0.0169906543,0.9975315801,0.9952351889,0.9976979263
2455154.0008494221,0.0170038162,0.9975300711,0.9952502299,0.9977145138
2455154.0008857041,0.0170169780,0.9975285621,0.9952652437,0.9977310741
2455154.0009219865,0.0170301401,0.9975270531,0.9952802301,0.9977476070
2455154.0009582685,0.0170433019,0.9975255441,0.9952951886,0.9977641120
2455154.0009945510,0.0170564640,0.9975240351,0.9953101194,0.9977805891
2455154.0010308330,0.0170696258,0.9975225261,0.9953250217,0.9977970378
2455154.0010671155,0.0170827879,0.9975210170,0.9953398957,0.9978134583
2455154.0011033975,0.0170959497,0.9975195080,0.9953547408,0.9978298498
2455154.0011396799,0.0171091118,0.9975179990,0.9953695572,0.9978462125
2455154.0011759619,0.0171222736,0.9975164900,0.9953843441,0.9978625458
2455154.0012122444,0.0171354357,0.9975149810,0.9953991018,0.9978788498
2455154.0012485264,0.0171485975,0.9975134720,0.9954138297,0.9978951239
2455154.0012848089,0.0171617596,0.9975119629,0.9954285277,0.9979113682
2455154.0013210909,0.0171749214,0.9975104539,0.9954431954,0.9979275821
2455154.0013573733,0.0171880835,0.9975089449,0.9954578328,0.9979437657
2455154.0013936553,0.0172012453,0.9975074359,0.9954724393,0.9979599184
2455154.0014299378,0.0172144074,0.9975059269,0.9954870150,0.9979760402
2455154.0014662198,0.0172275692,0.9975044179,0.9955015594,0.9979921307
2455154.0015025022,0.0172407313,0.9975029088,0.9955160724,0.9980081899
2455154.0015387842,0.0172538931,0.9975013998,0.9955305536,0.9980242170
2455154.0015750667,0.0172670552,0.9974998908,0.9955450029,0.9980402124
2455154.0016113487,0.0172802170,0.9974983818,0.9955594198,0.9980561753
2455154.0016476312,0.0172933791,0.9974968728,0.9955738044,0.9980721059
2455154.0016839132,0.0173065409,0.9974953638,0.9955881561,0.9980880035
2455154.0017201956,0.0173197030,0.9974938547,0.9956024749,0.9981038681
2455154.0017564776,0.0173328648,0.9974923457,0.9956167602,0.9981196993
2455154.0017927601,0.0173460269,0.9974908367,0.9956310121,0.9981354971
2455154.0018290421,0.0173591887,0.9974893277,0.9956452300,0.9981512608
2455154.0018653246,0.0173723508,0.9974878187,0.9956594140,0.9981669905
2455154.0019016066,0.0173855126,0.9974863097,0.9956735635,0.9981826857
2455154.0019378890,0.0173986747,0.9974848006,0.9956876785,0.9981983463
2455154.0019741710,0.0174118365,0.9974832916,0.9957017584,0.9982139718
2455154.0020104535,0.0174249986,0.9974817826,0.9957158032,0.9982295623
2455154.0020467355,0.0174381604,0.9974802736,0.9957298125,0.9982451170
2455154.0020830180,0.0174513225,0.9974787646,0.9957437861,0.9982606362
2455154.0021193000,0.0174644843,0.9974772556,0.9957577236,0.9982761191
2455154.0021555824,0.0174776464,0.9974757465,0.9957716250,0.9982915659
2455154.0021918644,0.0174908082,0.9974742375,0.9957854895,0.9983069758
2455154.0022281469,0.0175039703,0.9974727285,0.9957993174,0.9983223490
2455154.0022644289,0.0175171321,0.9974712195,0.9958131080,0.9983376848
2455154.0023007113,0.0175302942,0.9974697105,0.9958268613,0.9983529833
2455154.0023369933,0.0175434560,0.9974682015,0.9958405766,0.9983682439
2455154.0023732758,0.0175566181,0.9974666925,0.9958542542,0.9983834665
2455154.0024095578,0.0175697799,0.9974651834,0.9958678932,0.9983986506
2455154.0024458403,0.0175829420,0.9974636744,0.9958814938,0.9984137963
2455154.0024821223,0.0175961038,0.9974621654,0.9958950554,0.9984289028
2455154.0025184047,0.0176092659,0.9974606564,0.9959085779,0.9984439702
2455154.0025546867,0.0176224277,0.9974591474,0.9959220607,0.9984589979
2455154.0025909692,0.0176355898,0.9974576384,0.9959355039,0.9984739859
2455154.0026272512,0.0176487516,0.9974561293,0.9959489069,0.9984889336
2455154.0026635337,0.0176619137,0.9974546203,0.9959622696,0.9985038410
2455154.0026998157,0.0176750755,0.9974531113,0.9959755914,0.9985187074
2455154.0027360977,0.0176882374,0.9974516023,0.9959888722,0.9985335328
2455154.0027723801,0.0177013994,0.9974500933,0.9960021119,0.9985483170
2455154.0028086621,0.0177145613,0.9974485843,0.9960153097,0.9985630592
2455154.0028449446,0.0177277233,0.9974470753,0.9960284658,0.9985777597
2455154.0028812266,0.0177408852,0.9974455662,0.9960415794,0.9985924176
2455154.0029175091,0.0177540473,0.9974440572,0.9960546506,0.9986070331
2455154.0029537911,0.0177672091,0.9974425482,0.9960676787,0.9986216054
2455154.0029900735,0.0177803712,0.9974410392,0.9960806638,0.9986361345
2455154.0030263555,0.0177935330,0.9974395302,0.9960936051,0.9986506199
2455154.0030626380,0.0178066951,0.9974380212,0.9961065028,0.9986650615
2455154.0030989200,0.0178198569,0.9974365121,0.9961193560,0.9986794587
2455154.0031352025,0.0178330190,0.9974350031,0.9961321649,0.9986938114
2455154.0031714845,0.0178461808,0.9974334941,0.9961449287,0.9987081189
2455154.0032077669,0.0178593429,0.9974319851,0.9961576474,0.9987223814
2455154.0032440489,0.0178725047,0.9974304761,0.9961703205,0.9987365981
2455154.0032803314,0.0178856668,0.9974289671,0.9961829478,0.9987507690
2455154.0033166134,0.0178988286,0.9974274581,0.9961955288,0.9987648933
2455154.0033528958,0.0179119907,0.9974259490,0.9962080633,0.9987789712
2455154.0033891778,0.0179251525,0.9974244400,0.9962205507,0.9987930020
2455154.0034254603,0.0179383146,0.9974229310,0.9962329910,0.9988069855
2455154.0034617423,0.0179514764,0.9974214220,0.9962453835,0.9988209211
2455154.0034980248,0.0179646385,0.9974199130,0.9962577281,0.9988348089
2455154.0035343068,0.0179778003,0.9974184040,0.9962700243,0.9988486480
2455154.0035705892,0.0179909624,0.9974168949,0.9962822719,0.9988624385
2455154.0036068712,0.0180041242,0.9974153859,0.9962944702,0.9988761797
2455154.0036431537,0.0180172863,0.9974138769,0.9963066193,0.9988898715
2455154.0036794357,0.0180304481,0.9974123679,0.9963187184,0.9989035132
2455154.0037157182,0.0180436102,0.9974108589,0.9963307674,0.9989171048
2455154.0037520002,0.0180567720,0.9974093499,0.9963427658,0.9989306456
2455154.0037882826,0.0180699341,0.9974078408,0.9963547133,0.9989441355
2455154.0038245646,0.0180830959,0.9974063318,0.9963666093,0.9989575738
2455154.0038608471,0.0180962580,0.9974048228,0.9963784538,0.9989709604
2455154.0038971291,0.0181094198,0.9974033138,0.9963902460,0.9989842947
2455154.0039334116,0.0181225819,0.9974018048,0.9964019858,0.9989975766
2455154.0039696936,0.0181357437,0.9974002958,0.9964136726,0.9990108052
2455154.0040059760,0.0181489058,0.9973987867,0.9964253063,0.9990239807
2455154.0040422580,0.0181620676,0.9973972777,0.9964368860,0.9990371021
2455154.0040785405,0.0181752297,0.9973957687,0.9964484118,0.9990501695
2455154.0041148225,0.0181883915,0.9973942597,0.9964598829,0.9990631821
2455154.0041511049,0.0182015536,0.9973927507,0.9964712993,0.9990761398
2455154.0041873869,0.0182147154,0.9973912417,0.9964826600,0.9990890419
2455154.0042236694,0.0182278775,0.9973897326,0.9964939652,0.9991018882
2455154.0042599514,0.0182410393,0.9973882236,0.9965052140,0.9991146781
2455154.0042962339,0.0182542014,0.9973867146,0.9965164062,0.9991274113
2455154.0043325159,0.0182673632,0.9973852056,0.9965275413,0.9991400872
2455154.0043687983,0.0182805253,0.9973836966,0.9965386189,0.9991527055
2455154.0044050803,0.0182936871,0.9973821876,0.9965496384,0.9991652656
2455154.0044413628,0.0183068492,0.9973806785,0.9965605996,0.9991777673
2455154.0044776448,0.0183200110,0.9973791695,0.9965715018,0.9991902099
2455154.0045139273,0.0183331731,0.9973776605,0.9965823447,0.9992025931
2455154.0045502093,0.0183463349,0.9973761515,0.9965931277,0.9992149163
2455154.0045864913,0.0183594968,0.9973746425,0.9966038504,0.9992271790
2455154.0046227737,0.0183726588,0.9973731335,0.9966145125,0.9992393810
2455154.0046590557,0.0183858207,0.9973716245,0.9966251132,0.9992515214
2455154.0046953382,0.0183989827,0.9973701154,0.9966356523,0.9992636002
2455154.0047316202,0.0184121446,0.9973686064,0.9966461290,0.9992756164
2455154.0047679027,0.0184253066,0.9973670974,0.9966565431,0.9992875699
2455154.0048041847,0.0184384685,0.9973655884,0.9966668938,0.9992994599
2455154.0048404671,0.0184516305,0.9973640794,0.9966771809,0.9993112862
2455154.0048767491,0.0184647924,0.9973625704,0.9966874036,0.9993230479
2455154.0049130316,0.0184779544,0.9973610613,0.9966975617,0.9993347448
2455154.0049493136,0.0184911163,0.9973595523,0.9967076543,0.9993463761
2455154.0049855961,0.0185042783,0.9973580433,0.9967176811,0.9993579415
2455154.0050218781,0.0185174402,0.9973565343,0.9967276414,0.9993694403
2455154.0050581605,0.0185306022,0.9973550253,0.9967375349,0.9993808720
2455154.0050944425,0.0185437641,0.9973535163,0.9967473607,0.9993922360
2455154.0051307250,0.0185569261,0.9973520073,0.9967571186,0.9994035319
2455154.0051670070,0.0185700880,0.9973504982,0.9967668076,0.9994147588
2455154.0052032894,0.0185832500,0.9973489892,0.9967764275,0.9994259164
2455154.0052395714,0.0185964119,0.9973474802,0.9967859774,0.9994370039
2455154.0052758539,0.0186095739,0.9973459712,0.9967954570,0.9994480209
2455154.0053121359,0.0186227358,0.9973444622,0.9968048654,0.9994589665
2455154.0053484184,0.0186358978,0.9973429532,0.9968142023,0.9994698404
2455154.0053847004,0.0186490597,0.9973414441,0.9968234666,0.9994806417
2455154.0054209828,0.0186622217,0.9973399351,0.9968326582,0.9994913701
2455154.0054572648,0.0186753836,0.9973384261,0.9968417760,0.9995020245
2455154.0054935473,0.0186885456,0.9973369171,0.9968508196,0.9995126046
2455154.0055298293,0.0187017075,0.9973354081,0.9968597882,0.9995231094
2455154.0055661118,0.0187148695,0.9973338991,0.9968686813,0.9995335386
2455154.0056023938,0.0187280314,0.9973323901,0.9968774979,0.9995438911
2455154.0056386762,0.0187411934,0.9973308810,0.9968862376,0.9995541666
2455154.0056749582,0.0187543553,0.9973293720,0.9968948994,0.9995643639
2455154.0057112407,0.0187675173,0.9973278630,0.9969034828,0.9995744828
2455154.0057475227,0.0187806792,0.9973263540,0.9969119868,0.9995845220
2455154.0057838052,0.0187938412,0.9973248450,0.9969204110,0.9995944812
2455154.0058200872,0.0188070031,0.9973233360,0.9969287542,0.9996043593
2455154.0058563696,0.0188201651,0.9973218269,0.9969370160,0.9996141557
2455154.0058926516,0.0188333270,0.9973203179,0.9969451953,0.9996238694
2455154.0059289341,0.0188464890,0.9973188089,0.9969532914,0.9996334998
2455154.0059652161,0.0188596509,0.9973172999,0.9969613033,0.9996430458
2455154.0060014986,0.0188728129,0.9973157909,0.9969692305,0.9996525069
2455154.0060377805,0.0188859748,0.9973142819,0.9969770717,0.9996618817
2455154.0060740630,0.0188991368,0.9973127728,0.9969848262,0.9996711698
2455154.0061103450,0.0189122987,0.9973112638,0.9969924931,0.9996803699
2455154.0061466275,0.0189254607,0.9973097548,0.9970000714,0.9996894812
2455154.0061829095,0.0189386226,0.9973082458,0.9970075601,0.9996985028
2455154.0062191919,0.0189517846,0.9973067368,0.9970149583,0.9997074336
2455154.0062554739,0.0189649465,0.9973052278,0.9970222649,0.9997162725
2455154.0062917564,0.0189781085,0.9973037187,0.9970294789,0.9997250187
2455154.0063280384,0.0189912704,0.9973022097,0.9970365992,0.9997336709
2455154.0063643209,0.0190044324,0.9973007007,0.9970436247,0.9997422282
2455154.0064006029,0.0190175943,0.9972991917,0.9970505542,0.9997506892
2455154.0064368849,0.0190307562,0.9972976827,0.9970573867,0.9997590528
2455154.0064731673,0.0190439182,0.9972961737,0.9970641209,0.9997673181
2455154.0065094493,0.0190570801,0.9972946647,0.9970707555,0.9997754834
2455154.0065457318,0.0190702421,0.9972931556,0.9970772893,0.9997835478
2455154.0065820138,0.0190834040,0.9972916466,0.9970837210,0.9997915097
2455154.0066182963,0.0190965660,0.9972901376,0.9970900492,0.9997993679
2455154.0066545783,0.0191097279,0.9972886286,0.9970962724,0.9998071208
2455154.0066908607,0.0191228899,0.9972871196,0.9971023893,0.9998147673
2455154.0067271427,0.0191360518,0.9972856106,0.9971083983,0.9998223054
2455154.0067634252,0.0191492138,0.9972841015,0.9971142979,0.9998297339
2455154.0067997072,0.0191623757,0.9972825925,0.9971200863,0.9998370510
2455154.0068359897,0.0191755377,0.9972810835,0.9971257620,0.9998442550
2455154.0068722717,0.0191886996,0.9972795745,0.9971313230,0.9998513441
2455154.0069085541,0.0192018616,0.9972780655,0.9971367677,0.9998583165
2455154.0069448361,0.0192150235,0.9972765565,0.9971420939,0.9998651702
2455154.0069811186,0.0192281855,0.9972750474,0.9971472998,0.9998719033
2455154.0070174006,0.0192413474,0.9972735384,0.9971523831,0.9998785134
2455154.0070536830,0.0192545094,0.9972720294,0.9971573416,0.9998849985
2455154.0070899650,0.0192676713,0.9972705204,0.9971621730,0.9998913561
2455154.0071262475,0.0192808333,0.9972690114,0.9971668748,0.9998975838
2455154.0071625295,0.0192939952,0.9972675024,0.9971714443,0.9999036787
2455154.0071988120,0.0193071572,0.9972659933,0.9971758787,0.9999096383
2455154.0072350940,0.0193203191,0.9972644843,0.9971801749,0.9999154593
2455154.0072713764,0.0193334811,0.9972629753,0.9971843299,0.9999211387
2455154.0073076584,0.0193466430,0.9972614663,0.9971883400,0.9999266728
2455154.0073439409,0.0193598050,0.9972599573,0.9971922016,0.9999320581
2455154.0073802229,0.0193729669,0.9972584483,0.9971959105,0.9999372903
2455154.0074165054,0.0193861289,0.9972569393,0.9971994625,0.9999423651
2455154.0074527874,0.0193992908,0.9972554302,0.9972028524,0.9999472774
2455154.0074890698,0.0194124528,0.9972539212,0.9972060749,0.9999520220
2455154.0075253518,0.0194256147,0.9972524122,0.9972091239,0.9999565924
2455154.0075616343,0.0194387767,0.9972509032,0.9972119923,0.9999609818
2455154.0075979163,0.0194519386,0.9972493942,0.9972146720,0.9999651820
2455154.0076341988,0.0194651006,0.9972478852,0.9972171532,0.9999691832
2455154.0076704808,0.0194782625,0.9972463762,0.9972194238,0.9999729732
2455154.0077067632,0.0194914245,0.9972448671,0.9972214678,0.9999765360
2455154.0077430452,0.0195045864,0.9972433581,0.9972232597,0.9999798460
2455154.0077793277,0.0195177484,0.9972418491,0.9972247473,0.9999828509
2455154.0078156097,0.0195309103,0.9972403401,0.9972259549,0.9999855750
2455154.0078518922,0.0195440723,0.9972388311,0.9972268832,0.9999880191
2455154.0078881742,0.0195572342,0.9972373221,0.9972275379,0.9999901887
2455154.0079244566,0.0195703962,0.9972358130,0.9972279441,0.9999921093
2455154.0079607386,0.0195835581,0.9972343040,0.9972281040,0.9999937827
2455154.0079970211,0.0195967201,0.9972327950,0.9972280242,0.9999952160
2455154.0080333031,0.0196098820,0.9972312860,0.9972277317,0.9999964359
2455154.0080695855,0.0196230440,0.9972297770,0.9972272302,0.9999974461
2455154.0081058675,0.0196362059,0.9972282680,0.9972265283,0.9999982555
2455154.0081421500,0.0196493679,0.9972267589,0.9972256552,0.9999988932
2455154.0081784320,0.0196625298,0.9972252499,0.9972246177,0.9999993660
2455154.0082147140,0.0196756916,0.9972237409,0.9972234279,0.9999996861
2455154.0082509965,0.0196888537,0.9972222319,0.9972221199,0.9999998877
2455154.0082872785,0.0197020155,0.9972207229,0.9972207074,0.9999999845
2455154.0083235609,0.0197151776,0.9972192139,0.9972192139,1.0000000000
2455154.0083598429,0.0197283394,0.9972177049,0.9972177049,1.0000000000
2455154.0083961254,0.0197415015,0.9972161958,0.9972161958,1.0000000000
2455154.0084324074,0.0197546633,0.9972146868,0.9972146868,1.0000000000
2455154.0084686899,0.0197678254,0.9972131778,0.9972131778,1.0000000000
2455154.0085049719,0.0197809872,0.9972116688,0.9972116688,1.0000000000
2455154.0085412543,0.0197941493,0.9972101598,0.9972101598,1.0000000000
2455154.0085775363,0.0198073111,0.9972086508,0.9972086508,1.0000000000
2455154.0086138188,0.0198204732,0.9972071417,0.9972071417,1.0000000000
2455154.0086501008,0.0198336351,0.9972056327,0.9972056327,1.0000000000
2455154.0086863833,0.0198467971,0.9972041237,0.9972041237,1.0000000000
2455154.0087226653,0.0198599590,0.9972026147,0.9972026147,1.0000000000
2455154.0087589477,0.0198731210,0.9972011057,0.9972011057,1.0000000000
2455154.0087952297,0.0198862829,0.9971995967,0.9971995967,1.0000000000
2455154.0088315122,0.0198994449,0.9971980876,0.9971980876,1.0000000000
2455154.0088677942,0.0199126068,0.9971965786,0.9971965786,1.0000000000
2455154.0089040766,0.0199257688,0.9971950696,0.9971950696,1.0000000000
2455154.0089403586,0.0199389307,0.9971935606,0.9971935606,1.0000000000
2455154.0089766411,0.0199520927,0.9971920516,0.9971920516,1.0000000000
2455154.0090129231,0.0199652546,0.9971905426,0.9971905426,1.0000000000
2455154.0090492056,0.0199784166,0.9971890335,0.9971890335,1.0000000000
2455154.0090854876,0.0199915785,0.9971875245,0.9971875245,1.0000000000
2455154.0091217700,0.0200047405,0.9971860155,0.9971860155,1.0000000000
2455154.0091580520,0.0200179024,0.9971845065,0.9971845065,1.0000000000
2455154.0091943345,0.0200310644,0.9971829975,0.9971829975,1.0000000000
2455154.0092306165,0.0200442263,0.9971814885,0.9971814885,1.0000000000
2455154.0092668990,0.0200573883,0.9971799794,0.9971799794,1.0000000000
2455154.0093031810,0.0200705502,0.9971784704,0.9971784704,1.0000000000
2455154.0093394634,0.0200837122,0.9971769614,0.9971769614,1.0000000000
2455154.0093757454,0.0200968741,0.9971754524,0.9971754524,1.0000000000
2455154.0094120279,0.0201100361,0.9971739434,0.9971739434,1.0000000000
2455154.0094483099,0.0201231980,0.9971724344,0.9971724344,1.0000000000
2455154.0094845924,0.0201363600,0.9971709253,0.9971709253,1.0000000000
2455154.0095208744,0.0201495219,0.9971694163,0.9971694163,1.0000000000
2455154.0095571568,0.0201626839,0.9971679073,0.9971679073,1.0000000000
2455154.0095934388,0.0201758458,0.9971663983,0.9971663983,1.0000000000
2455154.0096297213,0.0201890078,0.9971648893,0.9971648893,1.0000000000
2455154.0096660033,0.0202021697,0.9971633803,0.9971633803,1.0000000000
2455154.0097022858,0.0202153317,0.9971618713,0.9971618713,1.0000000000
2455154.0097385678,0.0202284936,0.9971603622,0.9971603622,1.0000000000
2455154.0097748502,0.0202416556,0.9971588532,0.9971588532,1.0000000000
2455154.0098111322,0.0202548175,0.9971573442,0.9971573442,1.0000000000
2455154.0098474147,0.0202679795,0.9971558352,0.9971558352,1.0000000000
2455154.0098836967,0.0202811414,0.9971543262,0.9971543262,1.0000000000
2455154.0099199791,0.0202943034,0.9971528172,0.9971528172,1.0000000000
2455154.0099562611,0.0203074653,0.9971513082,0.9971513082,1.0000000000
2455154.0099925436,0.0203206273,0.9971497991,0.9971497991,1.0000000000
2455154.0100288256,0.0203337892,0.9971482901,0.9971482901,1.0000000000
2455154.0100651076,0.0203469510,0.9971467811,0.9971467811,1.0000000000
2455154.0101013901,0.0203601131,0.9971452721,0.9971452721,1.0000000000
2455154.0101376721,0.0203732749,0.9971437631,0.9971437631,1.0000000000
2455154.0101739545,0.0203864370,0.9971422541,0.9971422541,1.0000000000
2455154.0102102365,0.0203995988,0.9971407450,0.9971407450,1.0000000000
2455154.0102465190,0.0204127609,0.9971392360,0.9971392360,1.0000000000
2455154.0102828010,0.0204259227,0.9971377270,0.9971377270,1.0000000000
2455154.0103190835,0.0204390848,0.9971362180,0.9971362180,1.0000000000
2455154.0103553655,0.0204522466,0.9971347090,0.9971347090,1.0000000000
2455154.0103916479,0.0204654087,0.9971332000,0.9971332000,1.0000000000
2455154.0104279299,0.0204785705,0.9971316910,0.9971316910,1.0000000000
2455154.0104642124,0.0204917326,0.9971301819,0.9971301819,1.0000000000
2455154.0105004944,0.0205048944,0.9971286729,0.9971286729,1.0000000000
2455154.0105367769,0.0205180565,0.9971271639,0.9971271639,1.0000000000
2455154.0105730589,0.0205312183,0.9971256549,0.9971256549,1.0000000000
2455154.0106093413,0.0205443804,0.9971241459,0.9971241459,1.0000000000
2455154.0106456233,0.0205575422,0.9971226369,0.9971226369,1.0000000000
2455154.0106819058,0.0205707043,0.9971211278,0.9971211278,1.0000000000
2455154.0107181878,0.0205838661,0.9971196188,0.9971196188,1.0000000000
2455154.0107544702,0.0205970282,0.9971181098,0.9971181098,1.0000000000
2455154.0107907522,0.0206101900,0.9971166008,0.9971166008,1.0000000000
2455154.0108270347,0.0206233521,0.9971150918,0.9971150918,1.0000000000
2455154.0108633167,0.0206365139,0.9971135828,0.9971135828,1.0000000000
2455154.0108995992,0.0206496760,0.9971120737,0.9971120737,1.0000000000
2455154.0109358812,0.0206628378,0.9971105647,0.9971105647,1.0000000000
2455154.0109721636,0.0206759999,0.9971090557,0.9971090557,1.0000000000
2455154.0110084456,0.0206891617,0.9971075467,0.9971075467,1.0000000000
2455154.0110447281,0.0207023238,0.9971060377,0.9971060377,1.0000000000
2455154.0110810101,0.0207154856,0.9971045287,0.9971045287,1.0000000000
2455154.0111172926,0.0207286477,0.9971030196,0.9971030196,1.0000000000
2455154.0111535746,0.0207418095,0.9971015106,0.9971015106,1.0000000000
2455154.0111898570,0.0207549716,0.9971000016,0.9971000016,1.0000000000
2455154.0112261390,0.0207681334,0.9970984926,0.9970984926,1.0000000000
2455154.0112624215,0.0207812955,0.9970969836,0.9970969836,1.0000000000
2455154.0112987035,0.0207944573,0.9970954746,0.9970954746,1.0000000000
2455154.0113349860,0.0208076194,0.9970939655,0.9970939655,1.0000000000
2455154.0113712680,0.0208207812,0.9970924565,0.9970924565,1.0000000000
2455154.0114075504,0.0208339433,0.9970909475,0.9970909475,1.0000000000
2455154.0114438324,0.0208471051,0.9970894385,0.9970894385,1.0000000000
2455154.0114801149,0.0208602672,0.9970879295,0.9970879295,1.0000000000
2455154.0115163969,0.0208734290,0.9970864205,0.9970864205,1.0000000000
2455154.0115526794,0.0208865911,0.9970849114,0.9970849114,1.0000000000
2455154.0115889614,0.0208997529,0.9970834024,0.9970834024,1.0000000000
2455154.0116252438,0.0209129150,0.9970818934,0.9970818934,1.0000000000
2455154.0116615258,0.0209260768,0.9970803844,0.9970803844,1.0000000000
2455154.0116978083,0.0209392389,0.9970788754,0.9970788754,1.0000000000
2455154.0117340903,0.0209524007,0.9970773664,0.9970773664,1.0000000000
2455154.0117703727,0.0209655628,0.9970758573,0.9970758573,1.0000000000
2455154.0118066547,0.0209787246,0.9970743483,0.9970743483,1.0000000000
2455154.0118429372,0.0209918867,0.9970728393,0.9970728393,1.0000000000
2455154.0118792192,0.0210050485,0.9970713303,0.9970713303,1.0000000000
2455154.0119155012,0.0210182104,0.9970698213,0.9970698213,1.0000000000
2455154.0119517837,0.0210313724,0.9970683123,0.9970683123,1.0000000000
2455154.0119880657,0.0210445343,0.9970668033,0.9970668033,1.0000000000
2455154.0120243481,0.0210576963,0.9970652942,0.9970652942,1.0000000000
2455154.0120606301,0.0210708582,0.9970637852,0.9970637852,1.0000000000
2455154.0120969126,0.0210840202,0.9970622762,0.9970622762,1.0000000000
2455154.0121331946,0.0210971821,0.9970607672,0.9970607672,1.0000000000
2455154.0121694771,0.0211103441,0.9970592582,0.9970592582,1.0000000000
2455154.0122057591,0.0211235060,0.9970577492,0.9970577492,1.0000000000
2455154.0122420415,0.0211366680,0.9970562402,0.9970562402,1.0000000000
2455154.0122783235,0.0211498299,0.9970547311,0.9970547311,1.0000000000
2455154.0123146060,0.0211629919,0.9970532221,0.9970532221,1.0000000000
2455154.0123508880,0.0211761538,0.9970517131,0.9970517131,1.0000000000
2455154.0123871705,0.0211893158,0.9970502041,0.9970502041,1.0000000000
2455154.0124234525,0.0212024777,0.9970486951,0.9970486951,1.0000000000
2455154.0124597349,0.0212156397,0.9970471861,0.9970471861,1.0000000000
2455154.0124960169,0.0212288016,0.9970456770,0.9970456770,1.0000000000
2455154.0125322994,0.0212419636,0.9970441680,0.9970441680,1.0000000000
2455154.0125685814,0.0212551255,0.9970426590,0.9970426590,1.0000000000
2455154.0126048638,0.0212682875,0.9970411500,0.9970411500,1.0000000000
2455154.0126411458,0.0212814494,0.9970396410,0.9970396410,1.0000000000
2455154.0126774283,0.0212946114,0.9970381320,0.9970381320,1.0000000000
2455154.0127137103,0.0213077733,0.9970366230,0.9970366230,1.0000000000
2455154.0127499928,0.0213209353,0.9970351139,0.9970351139,1.0000000000
2455154.0127862748,0.0213340972,0.9970336049,0.9970336049,1.0000000000
2455154.0128225572,0.0213472592,0.9970320959,0.9970320959,1.0000000000
2455154.0128588392,0.0213604211,0.9970305869,0.9970305869,1.0000000000
2455154.0128951217,0.0213735831,0.9970290779,0.9970290779,1.0000000000
2455154.0129314037,0.0213867450,0.9970275689,0.9970275689,1.0000000000
2455154.0129676862,0.0213999070,0.9970260598,0.9970260598,1.0000000000
2455154.0130039682,0.0214130689,0.9970245508,0.9970245508,1.0000000000
2455154.0130402506,0.0214262309,0.9970230418,0.9970230418,1.0000000000
2455154.0130765326,0.0214393928,0.9970215328,0.9970215328,1.0000000000
2455154.0131128151,0.0214525548,0.9970200238,0.9970200238,1.0000000000
2455154.0131490971,0.0214657167,0.9970185148,0.9970185148,1.0000000000
2455154.0131853796,0.0214788787,0.9970170057,0.9970170057,1.0000000000
2455154.0132216616,0.0214920406,0.9970154967,0.9970154967,1.0000000000
2455154.0132579440,0.0215052026,0.9970139877,0.9970139877,1.0000000000
2455154.0132942260,0.0215183645,0.9970124787,0.9970124787,1.0000000000
2455154.0133305085,0.0215315265,0.9970109697,0.9970109697,1.0000000000
2455154.0133667905,0.0215446884,0.9970094607,0.9970094607,1.0000000000
2455154.0134030730,0.0215578504,0.9970079516,0.9970079516,1.0000000000
2455154.0134393550,0.0215710123,0.9970064426,0.9970064426,1.0000000000
2455154.0134756374,0.0215841743,0.9970049336,0.9970049336,1.0000000000
2455154.0135119194,0.0215973362,0.9970034246,0.9970034246,1.0000000000
2455154.0135482019,0.0216104982,0.9970019156,0.9970019156,1.0000000000
2455154.0135844839,0.0216236601,0.9970004066,0.9970004066,1.0000000000
2455154.0136207663,0.0216368221,0.9969988975,0.9969988975,1.0000000000
2455154.0136570483,0.0216499840,0.9969973885,0.9969973885,1.0000000000
2455154.0136933308,0.0216631460,0.9969958795,0.9969958795,1.0000000000
2455154.0137296128,0.0216763079,0.9969943705,0.9969943705,1.0000000000
2455154.0137658948,0.0216894698,0.9969928615,0.9969928615,1.0000000000
2455154.0138021773,0.0217026318,0.9969913525,0.9969913525,1.0000000000
2455154.0138384593,0.0217157937,0.9969898435,0.9969898435,1.0000000000
2455154.0138747417,0.0217289557,0.9969883344,0.9969883344,1.0000000000
2455154.0139110237,0.0217421176,0.9969868254,0.9969868254,1.0000000000
2455154.0139473062,0.0217552796,0.9969853164,0.9969853164,1.0000000000
2455154.0139835882,0.0217684415,0.9969838074,0.9969838074,1.0000000000
2455154.0140198707,0.0217816035,0.9969822984,0.9969822984,1.0000000000
2455154.0140561527,0.0217947654,0.9969807894,0.9969807894,1.0000000000
2455154.0140924351,0.0218079274,0.9969792803,0.9969792803,1.0000000000
2455154.0141287171,0.0218210893,0.9969777713,0.9969777713,1.0000000000
2455154.0141649996,0.0218342513,0.9969762623,0.9969762623,1.0000000000
2455154.0142012816,0.0218474132,0.9969747533,0.9969747533,1.0000000000
2455154.0142375641,0.0218605752,0.9969732443,0.9969732443,1.0000000000
2455154.0142738461,0.0218737371,0.9969717353,0.9969717353,1.0000000000
2455154.0143101285,0.0218868991,0.9969702262,0.9969702262,1.0000000000
2455154.0143464105,0.0219000610,0.9969687172,0.9969687172,1.0000000000
2455154.0143826930,0.0219132230,0.9969672082,0.9969672082,1.0000000000
2455154.0144189750,0.0219263849,0.9969656992,0.9969656992,1.0000000000
2455154.0144552574,0.0219395469,0.9969641902,0.9969641902,1.0000000000
2455154.0144915394,0.0219527088,0.9969626812,0.9969626812,1.0000000000
2455154.0145278219,0.0219658708,0.9969611722,0.9969611722,1.0000000000
2455154.0145641039,0.0219790327,0.9969596631,0.9969596631,1.0000000000
2455154.0146003864,0.0219921947,0.9969581541,0.9969581541,1.0000000000
2455154.0146366684,0.0220053566,0.9969566451,0.9969566451,1.0000000000
2455154.0146729508,0.0220185186,0.9969551361,0.9969551361,1.0000000000
2455154.0147092328,0.0220316805,0.9969536271,0.9969536271,1.0000000000
2455154.0147455153,0.0220448425,0.9969521181,0.9969521181,1.0000000000
2455154.0147817973,0.0220580044,0.9969506090,0.9969506090,1.0000000000
2455154.0148180798,0.0220711664,0.9969491000,0.9969491000,1.0000000000
2455154.0148543618,0.0220843283,0.9969475910,0.9969475910,1.0000000000
2455154.0148906442,0.0220974903,0.9969460820,0.9969460820,1.0000000000
2455154.0149269262,0.0221106522,0.9969445730,0.9969445730,1.0000000000
2455154.0149632087,0.0221238142,0.9969430640,0.9969430640,1.0000000000
2455154.0149994907,0.0221369761,0.9969415550,0.9969415550,1.0000000000
2455154.0150357732,0.0221501381,0.9969400459,0.9969400459,1.0000000000
2455154.0150720552,0.0221633000,0.9969385369,0.9969385369,1.0000000000
2455154.0151083376,0.0221764620,0.9969370279,0.9969370279,1.0000000000
2455154.0151446196,0.0221896239,0.9969355189,0.9969355189,1.0000000000
2455154.0151809021,0.0222027859,0.9969340099,0.9969340099,1.0000000000
2455154.0152171841,0.0222159478,0.9969325009,0.9969325009,1.0000000000
2455154.0152534666,0.0222291098,0.9969309918,0.9969309918,1.0000000000
2455154.0152897486,0.0222422717,0.9969294828,0.9969294828,1.0000000000
2455154.0153260310,0.0222554337,0.9969279738,0.9969279738,1.0000000000
2455154.0153623130,0.0222685956,0.9969264648,0.9969264648,1.0000000000
2455154.0153985955,0.0222817576,0.9969249558,0.9969249558,1.0000000000
2455154.0154348775,0.0222949195,0.9969234468,0.9969234468,1.0000000000
2455154.0154711599,0.0223080815,0.9969219377,0.9969219377,1.0000000000
2455154.0155074419,0.0223212434,0.9969204287,0.9969204287,1.0000000000
2455154.0155437244,0.0223344054,0.9969189197,0.9969189197,1.0000000000
2455154.0155800064,0.0223475673,0.9969174107,0.9969174107,1.0000000000
2455154.0156162884,0.0223607292,0.9969159017,0.9969159017,1.0000000000
2455154.0156525709,0.0223738912,0.9969143927,0.9969143927,1.0000000000
2455154.0156888529,0.0223870531,0.9969128837,0.9969128837,1.0000000000
2455154.0157251353,0.0224002151,0.9969113746,0.9969113746,1.0000000000
2455154.0157614173,0.0224133770,0.9969098656,0.9969098656,1.0000000000
2455154.0157976998,0.0224265390,0.9969083566,0.9969083566,1.0000000000
2455154.0158339818,0.0224397009,0.9969068476,0.9969068476,1.0000000000
2455154.0158702643,0.0224528629,0.9969053386,0.9969053386,1.0000000000
2455154.0159065463,0.0224660248,0.9969038296,0.9969038296,1.0000000000
2455154.0159428287,0.0224791868,0.9969023205,0.9969023205,1.0000000000
2455154.0159791107,0.0224923487,0.9969008115,0.9969008115,1.0000000000
2455154.0160153932,0.0225055107,0.9968993025,0.9968993025,1.0000000000
2455154.0160516752,0.0225186726,0.9968977935,0.9968977935,1.0000000000
2455154.0160879577,0.0225318346,0.9968962845,0.9968962845,1.0000000000
2455154.0161242397,0.0225449965,0.9968947755,0.9968947755,1.0000000000
2455154.0161605221,0.0225581585,0.9968932664,0.9968932664,1.0000000000
2455154.0161968041,0.0225713204,0.9968917574,0.9968917574,1.0000000000
2455154.0162330866,0.0225844824,0.9968902484,0.9968902484,1.0000000000
2455154.0162693686,0.0225976443,0.9968887394,0.9968887394,1.0000000000
2455154.0163056511,0.0226108063,0.9968872304,0.9968872304,1.0000000000
2455154.0163419330,0.0226239682,0.9968857214,0.9968857214,1.0000000000
2455154.0163782155,0.0226371302,0.9968842123,0.9968842123,1.0000000000
2455154.0164144975,0.0226502921,0.9968827033,0.9968827033,1.0000000000
2455154.0164507800,0.0226634541,0.9968811943,0.9968811943,1.0000000000
2455154.0164870620,0.0226766160,0.9968796853,0.9968796853,1.0000000000
2455154.0165233444,0.0226897780,0.9968781763,0.9968781763,1.0000000000
2455154.0165596264,0.0227029399,0.9968766673,0.9968766673,1.0000000000
2455154.0165959089,0.0227161019,0.9968751582,0.9968751582,1.0000000000
2455154.0166321909,0.0227292638,0.9968736492,0.9968736492,1.0000000000
2455154.0166684734,0.0227424258,0.9968721402,0.9968721402,1.0000000000
2455154.0167047554,0.0227555877,0.9968706312,0.9968706312,1.0000000000
2455154.0167410378,0.0227687497,0.9968691222,0.9968691222,1.0000000000
2455154.0167773198,0.0227819116,0.9968676132,0.9968676132,1.0000000000
2455154.0168136023,0.0227950736,0.9968661042,0.9968661042,1.0000000000
2455154.0168498843,0.0228082355,0.9968645951,0.9968645951,1.0000000000
2455154.0168861668,0.0228213975,0.9968630861,0.9968630861,1.0000000000
2455154.0169224488,0.0228345594,0.9968615771,0.9968615771,1.0000000000
2455154.0169587312,0.0228477214,0.9968600681,0.9968600681,1.0000000000
2455154.0169950132,0.0228608833,0.9968585591,0.9968585591,1.0000000000
2455154.0170312957,0.0228740453,0.9968570501,0.9968570501,1.0000000000
2455154.0170675777,0.0228872072,0.9968555410,0.9968555410,1.0000000000
2455154.0171038602,0.0229003692,0.9968540320,0.9968540320,1.0000000000
2455154.0171401422,0.0229135311,0.9968525230,0.9968525230,1.0000000000
2455154.0171764246,0.0229266931,0.9968510140,0.9968510140,1.0000000000
2455154.0172127066,0.0229398550,0.9968495050,0.9968495050,1.0000000000
2455154.0172489891,0.0229530170,0.9968479960,0.9968479960,1.0000000000
2455154.0172852711,0.0229661789,0.9968464870,0.9968464870,1.0000000000
2455154.0173215535,0.0229793409,0.9968449779,0.9968449779,1.0000000000
2455154.0173578355,0.0229925028,0.9968434689,0.9968434689,1.0000000000
2455154.0173941180,0.0230056648,0.9968419599,0.9968419599,1.0000000000
2455154.0174304000,0.0230188267,0.9968404509,0.9968404509,1.0000000000
